epoch,q-online-value,q-target-value
1,0.035370756205338694,0.0072206020886369515
2,0.11593231651932001,0.008196884988137754
3,0.2247049722354859,0.009173167887638556
4,0.3299346815329045,0.007830778900824953
5,0.47043919190764427,0.008440955713012954
6,0.6045073973946273,0.008318920350575354
7,0.7400129539892077,0.008685026437888155
8,0.8742289217188954,0.009173167887638556
9,0.9832923738285899,0.009295203250076156
10,1.0312656480818987,0.008685026437888155
11,1.0752125037834048,0.009417238612513756
12,1.0865149479359388,0.009905380062264157
13,1.1266505792737007,0.5657943349033303
14,1.3565953187644482,1.0917988140136003
15,1.5749544817954302,1.0881961211562157
16,1.7643266841769218,1.0785889402031898
17,1.9604144506156445,1.0809907354414463
18,2.0719718895852566,1.079789837822318
19,2.1138386484235525,1.0833925306797028
20,2.12312032841146,1.0833925306797028
21,2.1377441994845867,1.0917988140136003
22,2.1400012336671352,1.0917988140136003
23,2.1232684552669525,1.0857943259179592
24,2.1260973550379276,1.0881961211562157
25,2.140004575252533,1.111670570448041
26,2.3266518749296665,2.135250002145767
27,2.61633412912488,2.135250002145767
28,2.8687154948711395,2.1232422590255737
29,3.0544866994023323,2.1129499077796936
30,3.1578637696802616,2.1163806915283203
31,3.1604413613677025,2.1129499077796936
32,3.1884510219097137,2.1266730427742004
33,3.1909883059561253,2.128388434648514
34,3.1918639428913593,2.124957650899887
35,3.1830915920436382,2.1215268671512604
36,3.1949029602110386,2.133534610271454
37,3.188040342181921,2.133534610271454
38,3.264882158488035,2.688162337988615
39,3.604908373206854,3.2050929069519043
40,3.929829955101013,3.207290530204773
41,4.141816582530737,3.194104790687561
42,4.241011627018452,3.1919071674346924
43,4.247561395168304,3.1853142976760864
44,4.256277680397034,3.187511920928955
45,4.257905051112175,3.1897095441818237
46,4.267842471599579,3.1985000371932983
47,4.254927225410938,3.1897095441818237
48,4.262887880206108,3.2050929069519043
49,4.254157058894634,3.2028952836990356
50,4.2605795711278915,3.2216149158775806
51,4.520958550274372,4.265162341296673
52,4.886338979005814,4.261693574488163
53,5.1304668709635735,4.246084123849869
54,5.2435731664299965,4.249552890658379
55,5.264115460216999,4.247818507254124
56,5.2567311227321625,4.2512872740626335
57,5.255586817860603,4.259959191083908
58,5.272489033639431,4.254756040871143
59,5.264586679637432,4.261693574488163
60,5.264102064073086,4.256490424275398
61,5.270280748605728,4.263427957892418
62,5.267626501619816,4.256490424275398
63,5.364706829190254,4.789408028125763
64,5.722269460558891,5.254699409008026
65,6.036840870976448,5.247398674488068
66,6.132971413433552,5.229146838188171
67,6.16091787815094,5.227321654558182
68,6.1787217780947685,5.221846103668213
69,6.191638983786106,5.2236712872982025
70,6.203469783067703,5.221846103668213
71,6.217140689492226,5.218195736408234
72,6.214884139597416,5.221846103668213
73,6.222284413874149,5.218195736408234
74,6.234482206404209,5.221846103668213
75,6.230288468301296,5.2367309629917145
76,6.506251856684685,6.226575613021851
77,6.885600209236145,6.226575613021851
78,7.04548542201519,6.226772718131542
79,7.124862194061279,6.226969823241234
80,7.164327017962933,6.226772718131542
81,7.174054965376854,6.226772718131542
82,7.184102967381477,6.226772718131542
83,7.168768748641014,6.226575613021851
84,7.167779192328453,6.226772718131542
85,7.171795167028904,6.226772718131542
86,7.181452035903931,6.226969823241234
87,7.185716688632965,6.226575613021851
88,7.2833293080329895,6.727018989622593
89,7.716426730155945,7.197576358914375
90,8.008329965174198,7.196960009634495
91,8.102086693048477,7.196960009634495
92,8.118095964193344,7.196960009634495
93,8.127927035093307,7.196960009634495
94,8.158581361174583,7.197576358914375
95,8.161277502775192,7.196343660354614
96,8.132632479071617,7.196960009634495
97,8.139803349971771,7.196343660354614
98,8.13989070057869,7.196343660354614
99,8.162690058350563,7.197576358914375
100,8.17243105173111,7.212332114577293
101,8.481592014431953,8.175205394625664
102,8.875245586037636,8.175205394625664
103,9.004261121153831,8.17440938949585
104,9.039275735616684,8.175205394625664
105,9.06701934337616,8.176001399755478
106,9.058601573109627,8.176001399755478
107,9.093929126858711,8.175205394625664
108,9.098777115345001,8.176001399755478
109,9.121608316898346,8.176001399755478
110,9.114891588687897,8.175205394625664
111,9.123170375823975,8.175205394625664
112,9.101450070738792,8.175205394625664
113,9.209161579608917,8.654828146100044
114,9.665461212396622,9.109447941184044
115,9.9161137342453,9.107305973768234
116,9.934872061014175,9.107305973768234
117,9.963623315095901,9.107305973768234
118,9.982782110571861,9.111589908599854
119,9.993178308010101,9.115873843431473
120,9.977541103959084,9.109447941184044
121,9.991918072104454,9.109447941184044
122,9.98563714325428,9.109447941184044
123,10.025835067033768,9.111589908599854
124,10.025100067257881,9.111589908599854
125,10.027469143271446,9.122644022107124
126,10.3379927277565,10.018487870693207
127,10.708284378051758,10.018670052289963
128,10.814091950654984,10.018670052289963
129,10.86546304821968,10.018670052289963
130,10.888301149010658,10.018670052289963
131,10.87621958553791,10.018487870693207
132,10.861493989825249,10.018487870693207
133,10.908159658312798,10.018487870693207
134,10.910574048757553,10.018670052289963
135,10.912274777889252,10.018852233886719
136,10.912240117788315,10.018670052289963
137,10.920763328671455,10.018487870693207
138,11.040015459060669,10.494614288210869
139,11.512460425496101,10.941684797406197
140,11.733596578240395,10.941684797406197
141,11.765705063939095,10.941684797406197
142,11.77626833319664,10.942811489105225
143,11.748657569289207,10.941684797406197
144,11.773161426186562,10.940558105707169
145,11.750852406024933,10.942811489105225
146,11.77008268237114,10.941684797406197
147,11.814901605248451,10.940558105707169
148,11.826885387301445,10.941684797406197
149,11.791963204741478,10.940558105707169
150,11.794728547334671,10.95488777756691
151,12.155766308307648,11.817748591303825
152,12.467068925499916,11.818097606301308
153,12.594179779291153,11.817748591303825
154,12.595284178853035,11.817923098802567
155,12.611046940088272,11.817923098802567
156,12.633101254701614,11.818272113800049
157,12.665538981556892,11.818097606301308
158,12.673079013824463,11.818272113800049
159,12.676136568188667,11.817923098802567
160,12.66817732155323,11.818097606301308
161,12.676821887493134,11.817923098802567
162,12.710730627179146,11.818097606301308
163,12.849950566887856,12.293824836611748
164,13.291947111487389,12.740259051322937
165,13.47913920879364,12.739477932453156
166,13.527439504861832,12.7418212890625
167,13.55716022849083,12.7418212890625
168,13.583575710654259,12.742602407932281
169,13.59461535513401,12.7418212890625
170,13.598122730851173,12.7418212890625
171,13.608350932598114,12.741040170192719
172,13.616200551390648,12.741040170192719
173,13.606604754924774,12.741040170192719
174,13.593779474496841,12.7418212890625
175,13.604900673031807,12.754896342754364
176,13.971491605043411,13.59911584854126
177,14.313623651862144,13.59911584854126
178,14.378171384334564,13.598975077271461
179,14.40139476954937,13.599256619811058
180,14.385163113474846,13.59911584854126
181,14.379700645804405,13.598834306001663
182,14.415330350399017,13.598975077271461
183,14.451909720897675,13.598975077271461
184,14.473641201853752,13.59911584854126
185,14.46380540728569,13.598975077271461
186,14.45995157957077,13.598834306001663
187,14.476127102971077,13.598834306001663
188,14.57740306854248,14.035496681928635
189,15.021754965186119,14.453077211976051
190,15.165154159069061,14.453077211976051
191,15.25369043648243,14.451225757598877
192,15.317776128649712,14.447522848844528
193,15.303168296813965,14.449374303221703
194,15.274959996342659,14.445671394467354
195,15.282002866268158,14.451225757598877
196,15.260382279753685,14.447522848844528
197,15.263187631964684,14.449374303221703
198,15.289049178361893,14.445671394467354
199,15.25102972984314,14.453077211976051
200,15.270919531583786,14.463429689407349
201,15.671664163470268,15.284749507904053
202,15.997509747743607,15.284537807106972
203,16.056029245257378,15.284749507904053
204,16.060787186026573,15.28432610630989
205,16.072785019874573,15.284749507904053
206,16.093104362487793,15.284537807106972
207,16.076998099684715,15.284749507904053
208,16.070818796753883,15.284749507904053
209,16.12915602326393,15.284749507904053
210,16.11721622943878,15.284749507904053
211,16.125245600938797,15.284749507904053
212,16.12175214290619,15.284749507904053
213,16.24008122086525,15.70150351524353
214,16.69941994547844,16.095314025878906
215,16.845073968172073,16.087518990039825
216,16.887487053871155,16.095314025878906
217,16.890125691890717,16.100510716438293
218,16.877676606178284,16.092715680599213
219,16.920826226472855,16.09011733531952
220,16.90547552704811,16.092715680599213
221,16.89345073699951,16.095314025878906
222,16.92071482539177,16.095314025878906
223,16.90478676557541,16.095314025878906
224,16.945451498031616,16.092715680599213
225,16.898546665906906,16.101056188344955
226,17.262648195028305,16.876067340373993
227,17.57412302494049,16.876142501831055
228,17.671463012695312,16.876142501831055
229,17.63683420419693,16.876217663288116
230,17.675772666931152,16.876142501831055
231,17.716433227062225,16.876292824745178
232,17.691748797893524,16.876067340373993
233,17.712684333324432,16.87591701745987
234,17.68652856349945,16.876142501831055
235,17.688721537590027,16.87591701745987
236,17.672050178050995,16.87599217891693
237,17.713509052991867,16.876217663288116
238,17.809316366910934,17.287079453468323
239,18.28026634454727,17.67263412475586
240,18.421860426664352,17.673201203346252
241,18.421040505170822,17.673768281936646
242,18.42767372727394,17.67263412475586
243,18.463612020015717,17.67263412475586
244,18.426250964403152,17.67093288898468
245,18.478110909461975,17.672067046165466
246,18.491906017065048,17.672067046165466
247,18.42667707800865,17.67093288898468
248,18.46702665090561,17.672067046165466
249,18.448299378156662,17.67263412475586
250,18.459139108657837,17.684088349342346
251,18.83661314845085,18.439595222473145
252,19.110322445631027,18.43796905875206
253,19.18112251162529,18.433090567588806
254,19.17318668961525,18.439595222473145
255,19.191731184720993,18.439595222473145
256,19.219602197408676,18.439595222473145
257,19.19793564081192,18.439595222473145
258,19.226390093564987,18.43796905875206
259,19.260970056056976,18.436342895030975
260,19.216687440872192,18.43796905875206
261,19.206292033195496,18.439595222473145
262,19.20578196644783,18.439595222473145
263,19.342957675457,18.842220544815063
264,19.818530529737473,19.219390869140625
265,19.94143745303154,19.219390869140625
266,19.930013865232468,19.21885108947754
267,19.97443202137947,19.21885108947754
268,19.976187765598297,19.21723175048828
269,19.996056586503983,19.219390869140625
270,19.97141271829605,19.219390869140625
271,19.95158326625824,19.219390869140625
272,19.950629949569702,19.21885108947754
273,19.953998744487762,19.218311309814453
274,19.98827388882637,19.21885108947754
275,20.001721650362015,19.23199024796486
276,20.37353464961052,19.964247584342957
277,20.64020761847496,19.961860418319702
278,20.732854157686234,19.964247584342957
279,20.686963856220245,19.961860418319702
280,20.7239431142807,19.961860418319702
281,20.707420617341995,19.96663475036621
282,20.730983585119247,19.96663475036621
283,20.7352195084095,19.96663475036621
284,20.755860686302185,19.96663475036621
285,20.726424127817154,19.969021916389465
286,20.73144719004631,19.96663475036621
287,20.698022335767746,19.96663475036621
288,20.819220453500748,20.341111838817596
289,21.315511405467987,20.69441783428192
290,21.436031341552734,20.69051945209503
291,21.437790989875793,20.688570261001587
292,21.43489396572113,20.686621069908142
293,21.441118866205215,20.69051945209503
294,21.46359357237816,20.692468643188477
295,21.45675802230835,20.692468643188477
296,21.431215077638626,20.69051945209503
297,21.395539104938507,20.686621069908142
298,21.427061825990677,20.69051945209503
299,21.388561934232712,20.69051945209503
300,21.432044088840485,20.696885257959366
301,21.796064764261246,21.412097215652466
302,22.09629598259926,21.416267037391663
303,22.106483161449432,21.403757572174072
304,22.165213525295258,21.416267037391663
305,22.169717520475388,21.412097215652466
306,22.171817123889923,21.412097215652466
307,22.167394638061523,21.42043685913086
308,22.184680849313736,21.42043685913086
309,22.228345066308975,21.42043685913086
310,22.171853989362717,21.416267037391663
311,22.140771955251694,21.416267037391663
312,22.159185588359833,21.412097215652466
313,22.29950860142708,21.817706882953644
314,22.756535828113556,22.192910730838776
315,22.902136236429214,22.190937846899033
316,22.90406957268715,22.192910730838776
317,22.911614060401917,22.190937846899033
318,22.969320505857468,22.19685649871826
319,22.921465128660202,22.192910730838776
320,22.89930483698845,22.192910730838776
321,22.971402764320374,22.19685649871826
322,22.947269022464752,22.19685649871826
323,22.95606029033661,22.19685649871826
324,22.936986356973648,22.19685649871826
325,22.914683282375336,22.20870217680931
326,23.33020943403244,22.927502632141113
327,23.638058692216873,22.924671083688736
328,23.64427015185356,22.92183953523636
329,23.626306533813477,22.92183953523636
330,23.63069584965706,22.927502632141113
331,23.674328327178955,22.927502632141113
332,23.67783185839653,22.927502632141113
333,23.68883839249611,22.927502632141113
334,23.668009907007217,22.93033418059349
335,23.667505204677582,22.927502632141113
336,23.697098165750504,22.927502632141113
337,23.71213710308075,22.924671083688736
338,23.837141811847687,23.33129984140396
339,24.285084933042526,23.71735453605652
340,24.35223478078842,23.726119995117188
341,24.417047381401062,23.726119995117188
342,24.418672919273376,23.726119995117188
343,24.46355962753296,23.721737265586853
344,24.490482807159424,23.71735453605652
345,24.457406371831894,23.712971806526184
346,24.46675744652748,23.726119995117188
347,24.45545107126236,23.726119995117188
348,24.460532069206238,23.71735453605652
349,24.489836931228638,23.726119995117188
350,24.50672110915184,23.73701575398445
351,24.917063385248184,24.505131721496582
352,25.167296022176743,24.505131721496582
353,25.215529888868332,24.505131721496582
354,25.243563890457153,24.505131721496582
355,25.20118847489357,24.505131721496582
356,25.224590361118317,24.505131721496582
357,25.194712191820145,24.505131721496582
358,25.203977674245834,24.505131721496582
359,25.22642543911934,24.505131721496582
360,25.273509711027145,24.505131721496582
361,25.273449063301086,24.503301590681076
362,25.236543506383896,24.505131721496582
363,25.29167839884758,24.83922317624092
364,25.708766847848892,25.161726355552673
365,25.86833581328392,25.165332794189453
366,25.877337902784348,25.165332794189453
367,25.88074952363968,25.165332794189453
368,25.887277901172638,25.165332794189453
369,25.846957474946976,25.165332794189453
370,25.869143694639206,25.161726355552673
371,25.879069805145264,25.165332794189453
372,25.866424649953842,25.165332794189453
373,25.922088384628296,25.161726355552673
374,25.884897589683533,25.165332794189453
375,25.879810839891434,25.173528373241425
376,26.2972452044487,25.87122917175293
377,26.503737062215805,25.87122917175293
378,26.506728023290634,25.87122917175293
379,26.552784115076065,25.87122917175293
380,26.554726660251617,25.867105841636658
381,26.56588327884674,25.867105841636658
382,26.527534395456314,25.869167506694794
383,26.578228622674942,25.869167506694794
384,26.60659623146057,25.873290836811066
385,26.59293121099472,25.87122917175293
386,26.628822416067123,25.87122917175293
387,26.587604105472565,25.869167506694794
388,26.752245366573334,26.25519487261772
389,27.20380237698555,26.61790657043457
390,27.298800945281982,26.61790657043457
391,27.290274798870087,26.60969591140747
392,27.33955892920494,26.61790657043457
393,27.325417518615723,26.62201189994812
394,27.322904974222183,26.61380124092102
395,27.278199076652527,26.61790657043457
396,27.323924392461777,26.61790657043457
397,27.310856968164444,26.62201189994812
398,27.26871293783188,26.61790657043457
399,27.313415467739105,26.61790657043457
400,27.371185064315796,26.630555748939514
401,27.85552939772606,27.438984870910645
402,28.0520441532135,27.438984870910645
403,28.06337258219719,27.438984870910645
404,28.10164585709572,27.442729860544205
405,28.10086289048195,27.438984870910645
406,28.132243037223816,27.438984870910645
407,28.10545390844345,27.438984870910645
408,28.109547078609467,27.438984870910645
409,28.123645901679993,27.438984870910645
410,28.103891283273697,27.438984870910645
411,28.166912406682968,27.435239881277084
412,28.099099338054657,27.438984870910645
413,28.32357621192932,27.819992572069168
414,28.714539617300034,28.19269561767578
415,28.764891505241394,28.19269561767578
416,28.84505471587181,28.19269561767578
417,28.8302860558033,28.19269561767578
418,28.827920645475388,28.19269561767578
419,28.85413584113121,28.19269561767578
420,28.858226776123047,28.18868178129196
421,28.88007625937462,28.19269561767578
422,28.924250096082687,28.184667944908142
423,28.9073144197464,28.19269561767578
424,28.87812766432762,28.19269561767578
425,28.870421022176743,28.20375555753708
426,29.280440866947174,28.89408016204834
427,29.53963130712509,28.89408016204834
428,29.538262873888016,28.89408016204834
429,29.5159632563591,28.89408016204834
430,29.574832022190094,28.89408016204834
431,29.57087117433548,28.89408016204834
432,29.57699942588806,28.898295611143112
433,29.5894812643528,28.898295611143112
434,29.591952323913574,28.89408016204834
435,29.57143324613571,28.889864712953568
436,29.574230819940567,28.89408016204834
437,29.52218222618103,28.89408016204834
438,29.66564267873764,29.233068645000458
439,30.093331515789032,29.562285780906677
440,30.149030447006226,29.558865189552307
441,30.16970157623291,29.557154893875122
442,30.238361299037933,29.560575485229492
443,30.202031761407852,29.560575485229492
444,30.24615216255188,29.558865189552307
445,30.20455914735794,29.560575485229492
446,30.199573814868927,29.558865189552307
447,30.111370354890823,29.555444598197937
448,30.184380799531937,29.558865189552307
449,30.198266953229904,29.557154893875122
450,30.2122503221035,29.56935942173004
451,30.592105954885483,30.228179931640625
452,30.815312027931213,30.228179931640625
453,30.90572762489319,30.228179931640625
454,30.850731760263443,30.2334366440773
455,30.913191348314285,30.217666506767273
456,30.929941773414612,30.22292321920395
457,30.957587718963623,30.22292321920395
458,30.96428605914116,30.228179931640625
459,30.929124504327774,30.2334366440773
460,30.92379656434059,30.228179931640625
461,30.923700988292694,30.22292321920395
462,30.935489177703857,30.228179931640625
463,31.0751071870327,30.58962020277977
464,31.442291498184204,30.928275018930435
465,31.534468352794647,30.928275018930435
466,31.55815625190735,30.931309700012207
467,31.5612695813179,30.931309700012207
468,31.609487771987915,30.931309700012207
469,31.547287553548813,30.931309700012207
470,31.527204483747482,30.931309700012207
471,31.64676007628441,30.931309700012207
472,31.63337168097496,30.931309700012207
473,31.593790590763092,30.928275018930435
474,31.611038595438004,30.931309700012207
475,31.566683053970337,30.941171020269394
476,31.902698129415512,31.55027484893799
477,32.0744923055172,31.55027484893799
478,32.23526751995087,31.546860188245773
479,32.184737741947174,31.55027484893799
480,32.16461682319641,31.546860188245773
481,32.160666555166245,31.54344552755356
482,32.19742280244827,31.55027484893799
483,32.21514695882797,31.546860188245773
484,32.19200238585472,31.546860188245773
485,32.16127896308899,31.546860188245773
486,32.18812817335129,31.54344552755356
487,32.165756434202194,31.540030866861343
488,32.33501487970352,31.90435966849327
489,32.740083038806915,32.24538230895996
490,32.8605580329895,32.24538230895996
491,32.88401734828949,32.24013704061508
492,32.88693988323212,32.24538230895996
493,32.913719058036804,32.24013704061508
494,32.938733994960785,32.24538230895996
495,32.86965984106064,32.24538230895996
496,32.86975997686386,32.24538230895996
497,32.875391244888306,32.24538230895996
498,32.88924837112427,32.24538230895996
499,32.8838769197464,32.24538230895996
500,32.91562682390213,32.25793743133545
501,33.33097851276398,32.946733474731445
502,33.47689765691757,32.946733474731445
503,33.526461124420166,32.946733474731445
504,33.56453311443329,32.946733474731445
505,33.56698179244995,32.946733474731445
506,33.579888343811035,32.946733474731445
507,33.56992810964584,32.946733474731445
508,33.55815273523331,32.946733474731445
509,33.53556728363037,32.946733474731445
510,33.60334622859955,32.944681227207184
511,33.577996015548706,32.946733474731445
512,33.57232880592346,32.94057673215866
513,33.73246055841446,33.277882754802704
514,34.104051411151886,33.59731686115265
515,34.17518210411072,33.58762335777283
516,34.168019235134125,33.594085693359375
517,34.20430517196655,33.594085693359375
518,34.23871177434921,33.594085693359375
519,34.20848494768143,33.5908545255661
520,34.19754809141159,33.594085693359375
521,34.14767372608185,33.594085693359375
522,34.27140158414841,33.594085693359375
523,34.21284639835358,33.594085693359375
524,34.195392370224,33.5908545255661
525,34.16483557224274,33.60495400428772
526,34.57705593109131,34.208335876464844
527,34.73899978399277,34.208335876464844
528,34.81840831041336,34.208335876464844
529,34.78923761844635,34.20764601230621
530,34.78139537572861,34.208335876464844
531,34.84642827510834,34.20695614814758
532,34.8531329035759,34.20764601230621
533,34.829953253269196,34.20695614814758
534,34.81022101640701,34.20695614814758
535,34.83852481842041,34.208335876464844
536,34.77218818664551,34.20764601230621
537,34.80736458301544,34.20764601230621
538,34.913449823856354,34.51882642507553
539,35.31105172634125,34.81478309631348
540,35.43004775047302,34.818510830402374
541,35.454202473163605,34.80732762813568
542,35.44003927707672,34.81478309631348
543,35.42071408033371,34.80359989404678
544,35.39048755168915,34.81105536222458
545,35.429976642131805,34.81105536222458
546,35.39359253644943,34.80732762813568
547,35.41751617193222,34.80732762813568
548,35.381465673446655,34.81478309631348
549,35.32147568464279,34.80732762813568
550,35.42273223400116,34.815905928611755
551,35.783224165439606,35.418560564517975
552,35.99629992246628,35.408011853694916
553,36.054848432540894,35.413286209106445
554,36.02919489145279,35.413286209106445
555,35.99766904115677,35.413286209106445
556,36.000038266181946,35.413286209106445
557,36.03929901123047,35.413286209106445
558,36.02596229314804,35.413286209106445
559,36.00731736421585,35.408011853694916
560,36.007361233234406,35.408011853694916
561,35.986889004707336,35.408011853694916
562,36.01523965597153,35.402737498283386
563,36.15591597557068,35.73801827430725
564,36.534733057022095,36.05232048034668
565,36.60631710290909,36.04805487394333
566,36.614694714546204,36.05232048034668
567,36.70210701227188,36.05232048034668
568,36.641443967819214,36.04805487394333
569,36.59039270877838,36.04805487394333
570,36.611378371715546,36.05232048034668
571,36.627192199230194,36.03952366113663
572,36.605443596839905,36.05232048034668
573,36.54689174890518,36.05232048034668
574,36.625492095947266,36.05232048034668
575,36.64629954099655,36.06383067369461
576,37.04240798950195,36.722970485687256
577,37.22656571865082,36.71683406829834
578,37.327071726322174,36.722970485687256
579,37.30091339349747,36.73524332046509
580,37.2680504322052,36.72910690307617
581,37.30088609457016,36.741379737854004
582,37.30187278985977,36.73524332046509
583,37.28837651014328,36.72910690307617
584,37.29484170675278,36.73524332046509
585,37.34577178955078,36.72910690307617
586,37.323420345783234,36.72910690307617
587,37.319499373435974,36.72910690307617
588,37.446258664131165,37.04142242670059
589,37.79511898756027,37.33780288696289
590,37.82731330394745,37.33780288696289
591,37.86756229400635,37.33780288696289
592,37.90134662389755,37.33780288696289
593,37.920774817466736,37.33780288696289
594,37.89160144329071,37.33475315570831
595,37.910422563552856,37.33780288696289
596,37.92746162414551,37.33475315570831
597,37.89546924829483,37.33780288696289
598,37.943963408470154,37.33780288696289
599,37.91201341152191,37.33475315570831
600,37.945085406303406,37.345747590065
601,38.21356421709061,37.86378288269043
602,38.35039180517197,37.86018568277359
603,38.46953201293945,37.86018568277359
604,38.40537887811661,37.86018568277359
605,38.37468737363815,37.86018568277359
606,38.39174884557724,37.85658848285675
607,38.377123057842255,37.86018568277359
608,38.37305909395218,37.86378288269043
609,38.39491868019104,37.86018568277359
610,38.38582241535187,37.86018568277359
611,38.50537949800491,37.85658848285675
612,38.42596697807312,37.85299128293991
613,38.645117342472076,38.200852155685425
614,38.98755985498428,38.50638961791992
615,39.06629705429077,38.5207633972168
616,39.04987454414368,38.527950286865234
617,39.12458419799805,38.527950286865234
618,39.10984814167023,38.527950286865234
619,39.10999631881714,38.5207633972168
620,39.111097157001495,38.51357650756836
621,39.16432100534439,38.5207633972168
622,39.12835901975632,38.527950286865234
623,39.188613414764404,38.527950286865234
624,39.1639409661293,38.5207633972168
625,39.14521807432175,38.53634738922119
626,39.39610171318054,39.1292610168457
627,39.61742126941681,39.12407088279724
628,39.68804466724396,39.1292610168457
629,39.68699085712433,39.134451150894165
630,39.71738147735596,39.1292610168457
631,39.71030205488205,39.1292610168457
632,39.69752395153046,39.1292610168457
633,39.61526942253113,39.1292610168457
634,39.71763867139816,39.1292610168457
635,39.734414875507355,39.1292610168457
636,39.69462597370148,39.1292610168457
637,39.67775470018387,39.1292610168457
638,39.811168015003204,39.420325458049774
639,40.165027499198914,39.69220733642578
640,40.182609140872955,39.688607692718506
641,40.21467024087906,39.69220733642578
642,40.199588656425476,39.69220733642578
643,40.27774530649185,39.69220733642578
644,40.26353317499161,39.69220733642578
645,40.225032687187195,39.69220733642578
646,40.25953274965286,39.69220733642578
647,40.26964497566223,39.69220733642578
648,40.24260538816452,39.688607692718506
649,40.23826611042023,39.69220733642578
650,40.18659961223602,39.695768654346466
651,40.52946925163269,40.20322608947754
652,40.753968358039856,40.19797903299332
653,40.722152173519135,40.20322608947754
654,40.789394557476044,40.19797903299332
655,40.77334839105606,40.192731976509094
656,40.746442794799805,40.20322608947754
657,40.78407144546509,40.20322608947754
658,40.737371265888214,40.20322608947754
659,40.75021255016327,40.20322608947754
660,40.75791710615158,40.20847314596176
661,40.77723425626755,40.20322608947754
662,40.788218438625336,40.20322608947754
663,40.905255019664764,40.51403272151947
664,41.275476813316345,40.806556701660156
665,41.32366323471069,40.801881074905396
666,41.290191769599915,40.806556701660156
667,41.31665700674057,40.806556701660156
668,41.30359584093094,40.801881074905396
669,41.35423219203949,40.806556701660156
670,41.34725421667099,40.797205448150635
671,41.31411248445511,40.801881074905396
672,41.29370129108429,40.801881074905396
673,41.296265721321106,40.806556701660156
674,41.358037769794464,40.806556701660156
675,41.33649963140488,40.81321829557419
676,41.54653000831604,41.24847984313965
677,41.80238717794418,41.24847984313965
678,41.81747394800186,41.24847984313965
679,41.729363203048706,41.24847984313965
680,41.838779985904694,41.25364238023758
681,41.8059196472168,41.24847984313965
682,41.745585918426514,41.24847984313965
683,41.80906397104263,41.25364238023758
684,41.824695467948914,41.24847984313965
685,41.81106758117676,41.24847984313965
686,41.79441827535629,41.24847984313965
687,41.75405293703079,41.24847984313965
688,41.862933576107025,41.4787495136261
689,42.1669505238533,41.696712493896484
690,42.22621804475784,41.696712493896484
691,42.20960491895676,41.696712493896484
692,42.27786707878113,41.696712493896484
693,42.220866441726685,41.696712493896484
694,42.2056023478508,41.696712493896484
695,42.25458973646164,41.696712493896484
696,42.23839557170868,41.696712493896484
697,42.23784381151199,41.696712493896484
698,42.23582601547241,41.68984937667847
699,42.20369625091553,41.68984937667847
700,42.17147797346115,41.70590043067932
701,42.44780033826828,42.12656784057617
702,42.645677506923676,42.12656784057617
703,42.6475727558136,42.12464761734009
704,42.629527032375336,42.12080717086792
705,42.65691989660263,42.122727394104004
706,42.67366498708725,42.12464761734009
707,42.568956673145294,42.12080717086792
708,42.59089016914368,42.122727394104004
709,42.660297214984894,42.12464761734009
710,42.65042960643768,42.12080717086792
711,42.58164769411087,42.12464761734009
712,42.61952203512192,42.12464761734009
713,42.78658467531204,42.407772183418274
714,43.15190750360489,42.68438756465912
715,43.25542563199997,42.70768928527832
716,43.24411302804947,42.69603842496872
717,43.26181256771088,42.69603842496872
718,43.30776089429855,42.70768928527832
719,43.275793731212616,42.70768928527832
720,43.301217436790466,42.69603842496872
721,43.29597270488739,42.70768928527832
722,43.18408238887787,42.70768928527832
723,43.26869910955429,42.70768928527832
724,43.294352889060974,42.71934014558792
725,43.317160844802856,42.72103554010391
726,43.63741314411163,43.33261054754257
727,43.786948919296265,43.320302963256836
728,43.83962070941925,43.320302963256836
729,43.797417998313904,43.320302963256836
730,43.80632674694061,43.31620043516159
731,43.83009833097458,43.320302963256836
732,43.883368134498596,43.312097907066345
733,43.86145728826523,43.320302963256836
734,43.909772872924805,43.320302963256836
735,43.87711191177368,43.31620043516159
736,43.82269883155823,43.31620043516159
737,43.83546859025955,43.320302963256836
738,43.952388882637024,43.56582009792328
739,44.179046273231506,43.8002495765686
740,44.27879464626312,43.8002495765686
741,44.26044678688049,43.80638885498047
742,44.302807688713074,43.80638885498047
743,44.41597759723663,43.812528133392334
744,44.35596626996994,43.80638885498047
745,44.37385791540146,43.8186674118042
746,44.32475084066391,43.80638885498047
747,44.29404175281525,43.80638885498047
748,44.395035803318024,43.80638885498047
749,44.345115065574646,43.80638885498047
750,44.32748103141785,43.81463497877121
751,44.60216599702835,44.326916456222534
752,44.743827641010284,44.34488832950592
753,44.797424018383026,44.338897705078125
754,44.81350189447403,44.34488832950592
755,44.84922868013382,44.338897705078125
756,44.824510753154755,44.34488832950592
757,44.83408057689667,44.350878953933716
758,44.76946997642517,44.33290708065033
759,44.84543126821518,44.338897705078125
760,44.83341717720032,44.326916456222534
761,44.77997183799744,44.338897705078125
762,44.871002316474915,44.338897705078125
763,44.92745232582092,44.57480078935623
764,45.18371146917343,44.7885080575943
765,45.2983940243721,44.795467376708984
766,45.27802437543869,44.795467376708984
767,45.223949909210205,44.795467376708984
768,45.316482841968536,44.795467376708984
769,45.32160305976868,44.795467376708984
770,45.292307674884796,44.795467376708984
771,45.29764747619629,44.795467376708984
772,45.29381364583969,44.795467376708984
773,45.341273725032806,44.7885080575943
774,45.301004469394684,44.7885080575943
775,45.25715923309326,44.805459558963776
776,45.65765690803528,45.35596972703934
777,45.75791120529175,45.35596972703934
778,45.83192050457001,45.360605239868164
779,45.79913419485092,45.360605239868164
780,45.81696933507919,45.360605239868164
781,45.8078510761261,45.360605239868164
782,45.84835481643677,45.360605239868164
783,45.87610787153244,45.36524075269699
784,45.81408405303955,45.35596972703934
785,45.82911169528961,45.36524075269699
786,45.8026368021965,45.360605239868164
787,45.8591628074646,45.360605239868164
788,45.9711674451828,45.60198521614075
789,46.23992049694061,45.825862765312195
790,46.259913980960846,45.840166091918945
791,46.307592153549194,45.840166091918945
792,46.37141537666321,45.83301442861557
793,46.399734020233154,45.840166091918945
794,46.379983365535736,45.840166091918945
795,46.30524396896362,45.825862765312195
796,46.366058707237244,45.840166091918945
797,46.400829911231995,45.840166091918945
798,46.416156589984894,45.840166091918945
799,46.333342015743256,45.840166091918945
800,46.247179329395294,45.84592765569687
801,46.52697867155075,46.316017150878906
802,46.65661370754242,46.316017150878906
803,46.6856946349144,46.316017150878906
804,46.74664002656937,46.316017150878906
805,46.76726508140564,46.31221270561218
806,46.80643284320831,46.316017150878906
807,46.790187776088715,46.31221270561218
808,46.81750816106796,46.31221270561218
809,46.82248783111572,46.316017150878906
810,46.71002650260925,46.31221270561218
811,46.70306992530823,46.31221270561218
812,46.82351702451706,46.316017150878906
813,46.9182351231575,46.56466919183731
814,47.214644610881805,46.79373550415039
815,47.3581879734993,46.79790115356445
816,47.29166495800018,46.79373550415039
817,47.316149830818176,46.79373550415039
818,47.17453861236572,46.79373550415039
819,47.260060369968414,46.79790115356445
820,47.26550567150116,46.78956985473633
821,47.251260459423065,46.79373550415039
822,47.28844898939133,46.79790115356445
823,47.284339427948,46.79373550415039
824,47.29678016901016,46.79790115356445
825,47.27433341741562,46.80402934551239
826,47.480345606803894,47.2437629699707
827,47.621791899204254,47.2437629699707
828,47.72591954469681,47.2437629699707
829,47.709432780742645,47.2437629699707
830,47.71239924430847,47.2437629699707
831,47.7408247590065,47.2437629699707
832,47.6582995057106,47.2437629699707
833,47.63050830364227,47.2437629699707
834,47.64550167322159,47.24960541725159
835,47.66586488485336,47.2437629699707
836,47.67976403236389,47.2437629699707
837,47.73970901966095,47.2437629699707
838,47.799041628837585,47.48987704515457
839,48.16013103723526,47.717185974121094
840,48.184471786022186,47.717185974121094
841,48.236771285533905,47.717185974121094
842,48.18018198013306,47.717185974121094
843,48.12475687265396,47.717185974121094
844,48.14245796203613,47.717185974121094
845,48.12355577945709,47.717185974121094
846,48.14649397134781,47.717185974121094
847,48.18882554769516,47.717185974121094
848,48.1340212225914,47.717185974121094
849,48.19801884889603,47.717185974121094
850,48.14512550830841,47.72117054462433
851,48.400219440460205,48.177713096141815
852,48.50718927383423,48.173261642456055
853,48.61172217130661,48.177713096141815
854,48.68164825439453,48.182164549827576
855,48.6254066824913,48.173261642456055
856,48.64663165807724,48.173261642456055
857,48.620140969753265,48.173261642456055
858,48.6319425702095,48.173261642456055
859,48.64132249355316,48.173261642456055
860,48.64855241775513,48.173261642456055
861,48.63968247175217,48.168810188770294
862,48.60314720869064,48.173261642456055
863,48.799451887607574,48.4400349855423
864,49.064061760902405,48.686190724372864
865,49.138268172740936,48.694966197013855
866,49.10786294937134,48.694966197013855
867,49.089830219745636,48.69935393333435
868,49.18974107503891,48.69057846069336
869,49.097534120082855,48.69057846069336
870,49.052826285362244,48.69057846069336
871,49.09583377838135,48.69057846069336
872,49.09826600551605,48.694966197013855
873,49.13353031873703,48.69935393333435
874,49.08875650167465,48.69057846069336
875,49.082950711250305,48.69608873128891
876,49.2369082570076,49.055646896362305
877,49.43738651275635,49.055646896362305
878,49.499900817871094,49.05164700746536
879,49.36580514907837,49.055646896362305
880,49.42627900838852,49.055646896362305
881,49.456702291965485,49.05164700746536
882,49.47425174713135,49.05164700746536
883,49.49725592136383,49.055646896362305
884,49.52209621667862,49.055646896362305
885,49.52228802442551,49.05164700746536
886,49.518304228782654,49.055646896362305
887,49.512855648994446,49.05964678525925
888,49.58683741092682,49.291121661663055
889,49.84402173757553,49.51639413833618
890,49.84830957651138,49.51011657714844
891,49.973287522792816,49.51011657714844
892,49.95849585533142,49.51011657714844
893,49.964275598526,49.51011657714844
894,49.95176059007645,49.51011657714844
895,49.92485958337784,49.50383901596069
896,49.891406774520874,49.51011657714844
897,49.93259650468826,49.51011657714844
898,49.95945543050766,49.51011657714844
899,49.97443878650665,49.51011657714844
900,49.92225527763367,49.51548504829407
901,50.298299908638,50.00413131713867
902,50.436643064022064,50.00413131713867
903,50.45083612203598,50.00413131713867
904,50.42380380630493,50.00413131713867
905,50.44589728116989,50.00255477428436
906,50.42600899934769,50.00413131713867
907,50.353673696517944,50.00413131713867
908,50.43063580989838,50.00413131713867
909,50.443284034729004,50.00413131713867
910,50.43045657873154,50.00255477428436
911,50.41570991277695,50.00413131713867
912,50.449302554130554,50.00413131713867
913,50.53190737962723,50.246015310287476
914,50.72786909341812,50.45826458930969
915,50.791487634181976,50.46937942504883
916,50.859415769577026,50.46937942504883
917,50.87963795661926,50.46382200717926
918,50.892722368240356,50.46937942504883
919,50.845784187316895,50.46937942504883
920,50.8655321598053,50.46382200717926
921,50.90705144405365,50.46937942504883
922,50.85959929227829,50.46937942504883
923,50.924905598163605,50.46382200717926
924,50.86256289482117,50.46937942504883
925,50.8450363278389,50.4756835103035
926,51.074721455574036,50.85115450620651
927,51.167245626449585,50.856191635131836
928,51.23564851284027,50.856191635131836
929,51.2351136803627,50.85115450620651
930,51.296122908592224,50.856191635131836
931,51.329616487026215,50.856191635131836
932,51.366257667541504,50.85115450620651
933,51.30930244922638,50.85115450620651
934,51.18687033653259,50.856191635131836
935,51.168230295181274,50.856191635131836
936,51.19543766975403,50.85115450620651
937,51.21395647525787,50.856191635131836
938,51.297588765621185,51.038010358810425
939,51.59226751327515,51.21642315387726
940,51.62686759233475,51.23008918762207
941,51.61081874370575,51.23008918762207
942,51.6480028629303,51.223256170749664
943,51.57826280593872,51.23008918762207
944,51.63627940416336,51.223256170749664
945,51.67433649301529,51.21642315387726
946,51.68945616483688,51.23008918762207
947,51.607968389987946,51.23008918762207
948,51.63674968481064,51.223256170749664
949,51.649723529815674,51.223256170749664
950,51.65914225578308,51.234678626060486
951,51.84751749038696,51.57451069355011
952,51.928448140621185,51.58439064025879
953,51.99075245857239,51.58933061361313
954,51.99948972463608,51.58933061361313
955,51.966774702072144,51.58439064025879
956,51.98606717586517,51.57945066690445
957,52.00319480895996,51.58439064025879
958,52.057245671749115,51.58439064025879
959,51.93230628967285,51.58439064025879
960,51.89162564277649,51.58439064025879
961,51.95341694355011,51.58439064025879
962,51.97940933704376,51.58439064025879
963,52.14011597633362,51.796614944934845
964,52.393220484256744,51.99591827392578
965,52.38398563861847,51.99591827392578
966,52.4075733423233,51.99591827392578
967,52.363088488578796,51.99591827392578
968,52.33762413263321,51.99591827392578
969,52.338099002838135,51.99591827392578
970,52.41002893447876,51.99591827392578
971,52.341619074344635,51.99591827392578
972,52.39113652706146,51.99591827392578
973,52.3256893157959,51.99591827392578
974,52.37384104728699,51.99591827392578
975,52.367111682891846,52.00935184955597
976,52.62840509414673,52.388864517211914
977,52.70993149280548,52.388864517211914
978,52.7852903008461,52.388864517211914
979,52.842133581638336,52.37915617227554
980,52.83586573600769,52.388864517211914
981,52.77475744485855,52.388864517211914
982,52.78602170944214,52.388864517211914
983,52.836146235466,52.388864517211914
984,52.79994332790375,52.388864517211914
985,52.797211706638336,52.388864517211914
986,52.763637244701385,52.388864517211914
987,52.75049048662186,52.388864517211914
988,52.83435523509979,52.59453642368317
989,53.1361021399498,52.78041487932205
990,53.15654879808426,52.77935600280762
991,53.18019211292267,52.77935600280762
992,53.21695548295975,52.78041487932205
993,53.22600853443146,52.77935600280762
994,53.123308420181274,52.78041487932205
995,53.14526253938675,52.77935600280762
996,53.164187490940094,52.77935600280762
997,53.160718739032745,52.77935600280762
998,53.178941786289215,52.77935600280762
999,53.165468990802765,52.77935600280762
1000,53.16852694749832,52.789115369319916
1001,53.366282403469086,53.15525436401367
1002,53.54601788520813,53.164085149765015
1003,53.55596309900284,53.164085149765015
1004,53.53765720129013,53.17291593551636
1005,53.55851411819458,53.15525436401367
1006,53.57123351097107,53.15525436401367
1007,53.62104892730713,53.15525436401367
1008,53.58102571964264,53.14642357826233
1009,53.532562255859375,53.15525436401367
1010,53.53961902856827,53.164085149765015
1011,53.48633074760437,53.15525436401367
1012,53.571312844753265,53.15525436401367
1013,53.61167371273041,53.30968052148819
1014,53.81950056552887,53.46390640735626
1015,53.82198566198349,53.46360397338867
1016,53.811464726924896,53.46360397338867
1017,53.921288788318634,53.46360397338867
1018,53.83241021633148,53.46360397338867
1019,53.84871864318848,53.46360397338867
1020,53.883632361888885,53.46360397338867
1021,53.90591651201248,53.46360397338867
1022,53.89741122722626,53.46360397338867
1023,53.93467777967453,53.46360397338867
1024,53.778332114219666,53.46360397338867
1025,53.824071645736694,53.47369450330734
1026,54.073850274086,53.94537353515625
1027,54.218769967556,53.94537353515625
1028,54.23725652694702,53.94537353515625
1029,54.232419192790985,53.94537353515625
1030,54.360355615615845,53.94537353515625
1031,54.312677443027496,53.94537353515625
1032,54.30050593614578,53.950196862220764
1033,54.315617740154266,53.940550208091736
1034,54.37893491983414,53.95502018928528
1035,54.28427493572235,53.95984351634979
1036,54.18181538581848,53.940550208091736
1037,54.29763114452362,53.94537353515625
1038,54.47498631477356,54.14812034368515
1039,54.66463601589203,54.330248951911926
1040,54.721623718738556,54.33210372924805
1041,54.67085289955139,54.33210372924805
1042,54.74797981977463,54.33210372924805
1043,54.73256355524063,54.33210372924805
1044,54.59574365615845,54.33395850658417
1045,54.634834349155426,54.330248951911926
1046,54.660289227962494,54.33210372924805
1047,54.65256416797638,54.33210372924805
1048,54.72689938545227,54.33395850658417
1049,54.68231004476547,54.33210372924805
1050,54.724273800849915,54.34550195932388
1051,54.918023109436035,54.695505142211914
1052,54.93969714641571,54.695505142211914
1053,55.026986479759216,54.695505142211914
1054,54.98107439279556,54.689338862895966
1055,55.04824423789978,54.695505142211914
1056,55.06947481632233,54.695505142211914
1057,55.109792590141296,54.695505142211914
1058,55.072047650814056,54.695505142211914
1059,55.01154440641403,54.70167142152786
1060,54.96023517847061,54.70783770084381
1061,55.10045397281647,54.70167142152786
1062,55.036906480789185,54.689338862895966
1063,55.104669988155365,54.8621101975441
1064,55.3380069732666,55.01249623298645
1065,55.26078414916992,55.01719284057617
1066,55.30657356977463,55.021889448165894
1067,55.39651536941528,55.01719284057617
1068,55.40238171815872,55.01719284057617
1069,55.39626896381378,55.01719284057617
1070,55.309091210365295,55.021889448165894
1071,55.358841478824615,55.01719284057617
1072,55.37002092599869,55.03128266334534
1073,55.35222601890564,55.01719284057617
1074,55.35128080844879,55.01719284057617
1075,55.35158222913742,55.01906979084015
1076,55.47136813402176,55.293474555015564
1077,55.62959396839142,55.293296813964844
1078,55.69078677892685,55.293296813964844
1079,55.708916664123535,55.293296813964844
1080,55.647280275821686,55.29311907291412
1081,55.64186626672745,55.293296813964844
1082,55.6032589673996,55.29311907291412
1083,55.568651020526886,55.293474555015564
1084,55.52820771932602,55.29311907291412
1085,55.607340812683105,55.293296813964844
1086,55.50183516740799,55.293296813964844
1087,55.56616824865341,55.293296813964844
1088,55.61254745721817,55.40607750415802
1089,55.78518104553223,55.51752281188965
1090,55.89007496833801,55.51752281188965
1091,55.823870241642,55.51752281188965
1092,55.78875410556793,55.51752281188965
1093,55.82277750968933,55.51752281188965
1094,55.83455264568329,55.511673390865326
1095,55.889011204242706,55.52337223291397
1096,55.836899399757385,55.51752281188965
1097,55.86516332626343,55.51752281188965
1098,55.917188584804535,55.51752281188965
1099,55.92130506038666,55.51752281188965
1100,55.826032876968384,55.5194456577301
1101,55.96962320804596,55.78410339355469
1102,56.0965833067894,55.78410339355469
1103,56.09457463026047,55.78273892402649
1104,56.10151141881943,55.785467863082886
1105,56.12165766954422,55.78410339355469
1106,56.025559306144714,55.78410339355469
1107,56.103407084941864,55.785467863082886
1108,56.10894602537155,55.78410339355469
1109,56.1053791642189,55.785467863082886
1110,56.11075419187546,55.786832332611084
1111,56.07056075334549,55.78410339355469
1112,56.11786770820618,55.78410339355469
1113,56.11009854078293,55.9176310300827
1114,56.32642900943756,56.04601287841797
1115,56.36185401678085,56.04601287841797
1116,56.36912214756012,56.04601287841797
1117,56.33157831430435,56.04601287841797
1118,56.31067103147507,56.04601287841797
1119,56.350698709487915,56.04601287841797
1120,56.34169644117355,56.04601287841797
1121,56.29647243022919,56.04601287841797
1122,56.34680116176605,56.04160952568054
1123,56.30908739566803,56.050416231155396
1124,56.31445932388306,56.04601287841797
1125,56.29431277513504,56.06152492761612
1126,56.46690231561661,56.25684928894043
1127,56.550510942935944,56.25926798582077
1128,56.563679337501526,56.25443059206009
1129,56.52444964647293,56.25684928894043
1130,56.569215297698975,56.25684928894043
1131,56.56850105524063,56.25684928894043
1132,56.58241510391235,56.25443059206009
1133,56.58662819862366,56.25684928894043
1134,56.51331275701523,56.25684928894043
1135,56.60951542854309,56.25684928894043
1136,56.5974845290184,56.25443059206009
1137,56.70533639192581,56.25684928894043
1138,56.66913217306137,56.40981185436249
1139,56.82297796010971,56.574310302734375
1140,56.836446821689606,56.574310302734375
1141,56.827675461769104,56.582268714904785
1142,56.75491541624069,56.566351890563965
1143,56.78972280025482,56.582268714904785
1144,56.78957378864288,56.574310302734375
1145,56.84459865093231,56.574310302734375
1146,56.89112138748169,56.566351890563965
1147,56.88869231939316,56.574310302734375
1148,56.91327291727066,56.574310302734375
1149,56.812291741371155,56.574310302734375
1150,56.85855561494827,56.581462383270264
1151,56.94260174036026,56.78428614139557
1152,57.091720163822174,56.78407669067383
1153,57.05764180421829,56.78386723995209
1154,57.03022247552872,56.78407669067383
1155,57.116675198078156,56.78407669067383
1156,57.10122412443161,56.78407669067383
1157,56.96474725008011,56.78386723995209
1158,57.05964833498001,56.78407669067383
1159,57.019444942474365,56.78407669067383
1160,57.03647404909134,56.78386723995209
1161,57.035016894340515,56.78407669067383
1162,57.16542041301727,56.78407669067383
1163,57.268669843673706,56.99044477939606
1164,57.37820214033127,57.19080924987793
1165,57.41712951660156,57.19080924987793
1166,57.5418655872345,57.1843119263649
1167,57.48359525203705,57.19080924987793
1168,57.55445200204849,57.19080924987793
1169,57.499273240566254,57.1843119263649
1170,57.47324460744858,57.19080924987793
1171,57.471666157245636,57.19080924987793
1172,57.445817828178406,57.19080924987793
1173,57.469048857688904,57.19080924987793
1174,57.512327671051025,57.19080924987793
1175,57.48705732822418,57.201154708862305
1176,57.67689901590347,57.48086792230606
1177,57.77032119035721,57.48584175109863
1178,57.83085769414902,57.48584175109863
1179,57.7687509059906,57.48086792230606
1180,57.7641943693161,57.48584175109863
1181,57.8137224316597,57.48584175109863
1182,57.798352122306824,57.48086792230606
1183,57.845253348350525,57.48584175109863
1184,57.83600789308548,57.48584175109863
1185,57.77109658718109,57.490815579891205
1186,57.71509522199631,57.48584175109863
1187,57.725908279418945,57.48584175109863
1188,57.90119391679764,57.67179560661316
1189,58.097104251384735,57.8278614282608
1190,58.077332735061646,57.831390380859375
1191,58.04977458715439,57.83491933345795
1192,58.07667165994644,57.831390380859375
1193,58.15869987010956,57.831390380859375
1194,58.24232441186905,57.83491933345795
1195,58.09294980764389,57.8278614282608
1196,58.088275730609894,57.831390380859375
1197,58.12770873308182,57.831390380859375
1198,58.152064979076385,57.831390380859375
1199,58.201032876968384,57.831390380859375
1200,58.16046953201294,57.836766481399536
1201,58.280481576919556,58.072636127471924
1202,58.36731016635895,58.07917404174805
1203,58.35169106721878,58.07917404174805
1204,58.27181202173233,58.07917404174805
1205,58.41438901424408,58.08571195602417
1206,58.40313112735748,58.072636127471924
1207,58.306632816791534,58.07917404174805
1208,58.40101110935211,58.08571195602417
1209,58.34139943122864,58.072636127471924
1210,58.32120221853256,58.07917404174805
1211,58.29762148857117,58.08571195602417
1212,58.30739098787308,58.07917404174805
1213,58.3902884721756,58.19337207078934
1214,58.653672993183136,58.31091523170471
1215,58.6605144739151,58.308921813964844
1216,58.67374074459076,58.306928396224976
1217,58.62134385108948,58.31091523170471
1218,58.61429286003113,58.308921813964844
1219,58.56134760379791,58.306928396224976
1220,58.542244136333466,58.308921813964844
1221,58.5892853140831,58.308921813964844
1222,58.58311462402344,58.306928396224976
1223,58.66905915737152,58.308921813964844
1224,58.601951360702515,58.308921813964844
1225,58.64043301343918,58.31142544746399
1226,58.942476868629456,58.69350051879883
1227,59.01340502500534,58.69350051879883
1228,58.92360407114029,58.69851791858673
1229,58.94548499584198,58.69350051879883
1230,58.87019205093384,58.69350051879883
1231,58.869543731212616,58.688483119010925
1232,58.872503876686096,58.69350051879883
1233,58.950592041015625,58.69350051879883
1234,58.89136618375778,58.69350051879883
1235,58.97108060121536,58.69851791858673
1236,59.05934339761734,58.69350051879883
1237,58.95555877685547,58.69851791858673
1238,59.03056138753891,58.83357238769531
1239,59.182870984077454,58.949087142944336
1240,59.1947255730629,58.949087142944336
1241,59.20400804281235,58.94756931066513
1242,59.27300822734833,58.949087142944336
1243,59.145038068294525,58.949087142944336
1244,59.09500706195831,58.95060497522354
1245,59.248449087142944,58.949087142944336
1246,59.2058527469635,58.94756931066513
1247,59.26124054193497,58.949087142944336
1248,59.24686759710312,58.949087142944336
1249,59.27427017688751,58.949087142944336
1250,59.1984304189682,58.95409816503525
1251,59.319538950920105,59.170289635658264
1252,59.42475211620331,59.17183303833008
1253,59.48982894420624,59.17183303833008
1254,59.486515045166016,59.17183303833008
1255,59.390512585639954,59.17183303833008
1256,59.50693595409393,59.17183303833008
1257,59.40246605873108,59.17183303833008
1258,59.46173369884491,59.17183303833008
1259,59.40578806400299,59.17183303833008
1260,59.372342348098755,59.17337644100189
1261,59.392787396907806,59.17183303833008
1262,59.48472595214844,59.17183303833008
1263,59.399304151535034,59.238853216171265
1264,59.514845192432404,59.308706283569336
1265,59.586912989616394,59.308706283569336
1266,59.54481625556946,59.308706283569336
1267,59.624335050582886,59.308706283569336
1268,59.59822815656662,59.31735986471176
1269,59.516636312007904,59.30005270242691
1270,59.612741231918335,59.308706283569336
1271,59.60277307033539,59.308706283569336
1272,59.572687566280365,59.308706283569336
1273,59.57923811674118,59.308706283569336
1274,59.60163336992264,59.31735986471176
1275,59.579486310482025,59.307922661304474
1276,59.76090848445892,59.5239879488945
1277,59.864245891571045,59.524335861206055
1278,59.818925857543945,59.524335861206055
1279,59.756209433078766,59.524335861206055
1280,59.821682155132294,59.5239879488945
1281,59.85394072532654,59.524335861206055
1282,59.858467519283295,59.524335861206055
1283,59.71982765197754,59.524335861206055
1284,59.7586572766304,59.524335861206055
1285,59.72287607192993,59.524335861206055
1286,59.76164013147354,59.524335861206055
1287,59.69320863485336,59.524335861206055
1288,59.64744919538498,59.56637692451477
1289,59.796586751937866,59.629215240478516
1290,59.82359319925308,59.629215240478516
1291,59.88783997297287,59.62130630016327
1292,59.907112538814545,59.629215240478516
1293,59.82942497730255,59.629215240478516
1294,59.85028141736984,59.63712418079376
1295,59.842184126377106,59.62130630016327
1296,59.80406296253204,59.63712418079376
1297,59.85970389842987,59.62130630016327
1298,59.8725808262825,59.63712418079376
1299,59.920439660549164,59.62130630016327
1300,59.95726025104523,59.63666790723801
1301,60.009164929389954,59.95383930206299
1302,59.99775093793869,59.95078659057617
1303,60.0670485496521,59.947733879089355
1304,60.14637494087219,59.95078659057617
1305,60.18108803033829,59.95078659057617
1306,60.192350924015045,59.95078659057617
1307,60.17566388845444,59.95078659057617
1308,60.103750824928284,59.947733879089355
1309,60.00728362798691,59.95078659057617
1310,60.202132880687714,59.95383930206299
1311,60.29375904798508,59.95078659057617
1312,60.1428062915802,59.95383930206299
1313,60.16851842403412,60.01777106523514
1314,60.305487751960754,60.08219909667969
1315,60.3583750128746,60.08680200576782
1316,60.32273155450821,60.08219909667969
1317,60.227884352207184,60.07759618759155
1318,60.27499622106552,60.08219909667969
1319,60.24612605571747,60.08680200576782
1320,60.299133360385895,60.08219909667969
1321,60.304711043834686,60.07759618759155
1322,60.304505348205566,60.08680200576782
1323,60.331443786621094,60.08219909667969
1324,60.34540778398514,60.08680200576782
1325,60.345432698726654,60.096562802791595
1326,60.555027067661285,60.311384201049805
1327,60.51344931125641,60.311384201049805
1328,60.633162677288055,60.311384201049805
1329,60.60410916805267,60.311384201049805
1330,60.57083874940872,60.311384201049805
1331,60.48673856258392,60.311384201049805
1332,60.58039164543152,60.311384201049805
1333,60.48972946405411,60.31283336877823
1334,60.479621171951294,60.31573170423508
1335,60.5922629237175,60.311384201049805
1336,60.516442716121674,60.311384201049805
1337,60.54667371511459,60.311384201049805
1338,60.54140222072601,60.402832210063934
1339,60.639447927474976,60.48916816711426
1340,60.68305891752243,60.48916816711426
1341,60.750846683979034,60.48916816711426
1342,60.65632063150406,60.48916816711426
1343,60.74920189380646,60.48916816711426
1344,60.69496041536331,60.48916816711426
1345,60.662734150886536,60.48916816711426
1346,60.701346695423126,60.48916816711426
1347,60.68589890003204,60.48816269636154
1348,60.70705455541611,60.48916816711426
1349,60.76717835664749,60.48916816711426
1350,60.82081490755081,60.498084127902985
1351,61.034174144268036,60.877381920814514
1352,61.07698392868042,60.89038693904877
1353,61.16861188411713,60.877381920814514
1354,61.13110971450806,60.88388442993164
1355,61.08818793296814,60.88388442993164
1356,61.01879698038101,60.88388442993164
1357,61.072423815727234,60.88388442993164
1358,61.130500853061676,60.877381920814514
1359,61.09018170833588,60.89038693904877
1360,61.15987974405289,60.89038693904877
1361,61.14451718330383,60.88388442993164
1362,61.121420443058014,60.88388442993164
1363,61.209163665771484,61.0222624540329
1364,61.39173078536987,61.14370536804199
1365,61.4010209441185,61.14370536804199
1366,61.32555103302002,61.14370536804199
1367,61.254721999168396,61.141392171382904
1368,61.22998243570328,61.14370536804199
1369,61.31991630792618,61.14370536804199
1370,61.39289391040802,61.14370536804199
1371,61.418550968170166,61.141392171382904
1372,61.403682827949524,61.141392171382904
1373,61.41282415390015,61.141392171382904
1374,61.27012759447098,61.141392171382904
1375,61.20227938890457,61.14931619167328
1376,61.43028473854065,61.297616958618164
1377,61.454548597335815,61.297616958618164
1378,61.492874562740326,61.297616958618164
1379,61.4540194272995,61.297616958618164
1380,61.41645920276642,61.297616958618164
1381,61.45619475841522,61.297616958618164
1382,61.45800161361694,61.297616958618164
1383,61.40280747413635,61.297616958618164
1384,61.51288199424744,61.297616958618164
1385,61.50273233652115,61.297616958618164
1386,61.48858803510666,61.297616958618164
1387,61.47983139753342,61.297616958618164
1388,61.563435673713684,61.43313705921173
1389,61.64333176612854,61.560171127319336
1390,61.84312868118286,61.560171127319336
1391,61.70160347223282,61.560171127319336
1392,61.67161005735397,61.560171127319336
1393,61.71662080287933,61.560171127319336
1394,61.77087599039078,61.560171127319336
1395,61.75656145811081,61.560171127319336
1396,61.749684154987335,61.560171127319336
1397,61.780197858810425,61.55635362863541
1398,61.831599950790405,61.560171127319336
1399,61.911824107170105,61.560171127319336
1400,61.708520352840424,61.56332612037659
1401,61.95769774913788,61.76601982116699
1402,61.99409681558609,61.76601982116699
1403,61.9471777677536,61.76601982116699
1404,61.97698348760605,61.7623251080513
1405,61.970700442790985,61.76601982116699
1406,61.92756187915802,61.76601982116699
1407,62.00652402639389,61.7623251080513
1408,61.94116139411926,61.76601982116699
1409,61.94945049285889,61.76601982116699
1410,62.004336059093475,61.76601982116699
1411,61.89572882652283,61.769714534282684
1412,61.930863082408905,61.7623251080513
1413,61.95295071601868,61.831556379795074
1414,62.05791425704956,61.88935470581055
1415,62.09148156642914,61.881775975227356
1416,62.13485103845596,61.88935470581055
1417,62.16864264011383,61.88935470581055
1418,62.13694763183594,61.88935470581055
1419,61.98514372110367,61.88935470581055
1420,62.04795253276825,61.88935470581055
1421,62.113344848155975,61.88935470581055
1422,62.09139823913574,61.88935470581055
1423,62.17658448219299,61.88935470581055
1424,62.09460145235062,61.88935470581055
1425,62.03964406251907,61.89229112863541
1426,62.36818766593933,62.186309814453125
1427,62.39337915182114,62.186309814453125
1428,62.36899942159653,62.182138085365295
1429,62.40325552225113,62.190481543540955
1430,62.398722648620605,62.182138085365295
1431,62.380417704582214,62.182138085365295
1432,62.3843115568161,62.186309814453125
1433,62.312519788742065,62.186309814453125
1434,62.37604421377182,62.182138085365295
1435,62.403259575366974,62.186309814453125
1436,62.39368414878845,62.186309814453125
1437,62.373057305812836,62.186309814453125
1438,62.47045612335205,62.29963302612305
1439,62.66341304779053,62.40388488769531
1440,62.70283943414688,62.40388488769531
1441,62.64123332500458,62.40388488769531
1442,62.70414215326309,62.40388488769531
1443,62.58511209487915,62.397441029548645
1444,62.59621977806091,62.40388488769531
1445,62.53264898061752,62.40388488769531
1446,62.717362344264984,62.40388488769531
1447,62.537646412849426,62.40388488769531
1448,62.51638400554657,62.397441029548645
1449,62.62086910009384,62.40388488769531
1450,62.65916472673416,62.407307386398315
1451,62.722012519836426,62.63410484790802
1452,62.912330746650696,62.64592444896698
1453,62.815875828266144,62.6400146484375
1454,62.74727648496628,62.6400146484375
1455,62.843285381793976,62.6400146484375
1456,62.77530026435852,62.6400146484375
1457,62.7605260014534,62.6400146484375
1458,62.75386893749237,62.64592444896698
1459,62.83329141139984,62.65183424949646
1460,62.83144134283066,62.6400146484375
1461,62.86722409725189,62.6400146484375
1462,62.820054948329926,62.6400146484375
1463,62.80987286567688,62.70937263965607
1464,62.90931671857834,62.77479189634323
1465,62.84869122505188,62.77756690979004
1466,62.99198764562607,62.77479189634323
1467,62.92897641658783,62.78034192323685
1468,62.82179856300354,62.77479189634323
1469,62.865708351135254,62.77756690979004
1470,62.933634996414185,62.77756690979004
1471,62.961503863334656,62.77756690979004
1472,63.001355826854706,62.77479189634323
1473,62.9851416349411,62.77756690979004
1474,62.97767150402069,62.77756690979004
1475,62.95249354839325,62.78388559818268
1476,63.104425609111786,62.98725509643555
1477,63.23128604888916,62.98725509643555
1478,63.117851078510284,62.98725509643555
1479,63.231174290180206,62.98725509643555
1480,63.29329401254654,62.98725509643555
1481,63.286471247673035,62.97839546203613
1482,63.19207555055618,62.98725509643555
1483,63.14666336774826,62.98725509643555
1484,63.237356781959534,62.98725509643555
1485,63.28764122724533,62.98725509643555
1486,63.22398990392685,62.97839546203613
1487,63.212272226810455,62.98725509643555
1488,63.31523674726486,63.1157568693161
1489,63.382902681827545,63.23133087158203
1490,63.32803696393967,63.23489010334015
1491,63.381025075912476,63.227771639823914
1492,63.31980895996094,63.23133087158203
1493,63.40112978219986,63.23133087158203
1494,63.42518961429596,63.23133087158203
1495,63.41191101074219,63.23133087158203
1496,63.38989681005478,63.227771639823914
1497,63.342702090740204,63.23133087158203
1498,63.48463624715805,63.23133087158203
1499,63.45996183156967,63.23133087158203
1500,63.479138016700745,63.236562848091125
1501,63.60538339614868,63.48941206932068
1502,63.756603479385376,63.49518966674805
1503,63.75204241275787,63.49518966674805
1504,63.63458317518234,63.49518966674805
1505,63.69195908308029,63.49518966674805
1506,63.63193529844284,63.49518966674805
1507,63.65143257379532,63.49518966674805
1508,63.53406113386154,63.49518966674805
1509,63.57747632265091,63.49518966674805
1510,63.612050890922546,63.49518966674805
1511,63.69436812400818,63.49518966674805
1512,63.602540135383606,63.49518966674805
1513,63.6738184094429,63.61337774991989
1514,63.92360067367554,63.73983418941498
1515,63.937191009521484,63.729854226112366
1516,63.95422804355621,63.729854226112366
1517,63.91641676425934,63.73983418941498
1518,63.88602435588837,63.729854226112366
1519,63.79157167673111,63.73484420776367
1520,63.9548801779747,63.73484420776367
1521,63.976432144641876,63.729854226112366
1522,63.87988007068634,63.73484420776367
1523,63.76558929681778,63.73484420776367
1524,63.814585983753204,63.73983418941498
1525,63.80942690372467,63.7319153547287
1526,63.97874504327774,63.8636589050293
1527,64.06155455112457,63.8636589050293
1528,64.16382950544357,63.8636589050293
1529,64.0845627784729,63.8636589050293
1530,63.986155569553375,63.8636589050293
1531,63.97467541694641,63.858765721321106
1532,64.02936518192291,63.858765721321106
1533,64.08951658010483,63.8636589050293
1534,64.04684686660767,63.858765721321106
1535,64.00850665569305,63.858765721321106
1536,63.9692018032074,63.86855208873749
1537,63.99418169260025,63.858765721321106
1538,64.05206376314163,63.95741802453995
1539,64.22181230783463,64.05745124816895
1540,64.24899315834045,64.05745124816895
1541,64.19191598892212,64.05001431703568
1542,64.26408457756042,64.05745124816895
1543,64.21392321586609,64.05745124816895
1544,64.26323235034943,64.05745124816895
1545,64.23052835464478,64.05001431703568
1546,64.29677546024323,64.05745124816895
1547,64.25034272670746,64.06488817930222
1548,64.35096633434296,64.05745124816895
1549,64.21038830280304,64.06488817930222
1550,64.19001764059067,64.05349934101105
1551,64.25104868412018,64.1649774312973
1552,64.31012970209122,64.15755522251129
1553,64.31516695022583,64.1612663269043
1554,64.4057366847992,64.1612663269043
1555,64.39788174629211,64.1612663269043
1556,64.26551926136017,64.15755522251129
1557,64.35603451728821,64.1612663269043
1558,64.38793456554413,64.1612663269043
1559,64.3253630399704,64.1612663269043
1560,64.39646434783936,64.1612663269043
1561,64.42764937877655,64.15755522251129
1562,64.39581155776978,64.1612663269043
1563,64.40466272830963,64.25940704345703
1564,64.48213183879852,64.34873962402344
1565,64.59517347812653,64.34207892417908
1566,64.52700543403625,64.34873962402344
1567,64.50906383991241,64.34873962402344
1568,64.5419191122055,64.34873962402344
1569,64.43345236778259,64.34873962402344
1570,64.42591071128845,64.3554003238678
1571,64.49053144454956,64.3554003238678
1572,64.55422580242157,64.36206102371216
1573,64.57413566112518,64.34873962402344
1574,64.55034649372101,64.34873962402344
1575,64.46712720394135,64.34823882579803
1576,64.49438190460205,64.4848747253418
1577,64.60384583473206,64.4848747253418
1578,64.66060769557953,64.4848747253418
1579,64.7318080663681,64.4848747253418
1580,64.66202878952026,64.4848747253418
1581,64.66707599163055,64.4848747253418
1582,64.61856663227081,64.4848747253418
1583,64.57432413101196,64.4848747253418
1584,64.55940842628479,64.4848747253418
1585,64.6969985961914,64.4848747253418
1586,64.71983206272125,64.48346984386444
1587,64.69136309623718,64.4848747253418
1588,64.74505543708801,64.60032415390015
1589,64.73452436923981,64.70714569091797
1590,64.79776728153229,64.70714569091797
1591,64.85313200950623,64.70714569091797
1592,64.89547967910767,64.70714569091797
1593,64.88394141197205,64.70714569091797
1594,64.93585729598999,64.70714569091797
1595,64.86785852909088,64.70714569091797
1596,64.91655027866364,64.70714569091797
1597,64.8926773071289,64.70714569091797
1598,64.85330474376678,64.70714569091797
1599,64.84403383731842,64.70714569091797
1600,64.86437404155731,64.70765960216522
1601,64.84031891822815,64.7819709777832
1602,64.92427456378937,64.7819709777832
1603,64.89579975605011,64.7801946401596
1604,65.01089704036713,64.7837473154068
1605,64.96042013168335,64.7801946401596
1606,64.83915209770203,64.7837473154068
1607,64.91046059131622,64.7819709777832
1608,64.97115278244019,64.7819709777832
1609,64.86970782279968,64.7801946401596
1610,64.95390725135803,64.7837473154068
1611,64.90726506710052,64.7819709777832
1612,64.96700477600098,64.78729999065399
1613,65.00281918048859,64.87906181812286
1614,65.02673649787903,64.98399674892426
1615,65.163161277771,64.97180616855621
1616,65.1476321220398,64.97790145874023
1617,65.11669552326202,64.97180616855621
1618,64.96890795230865,64.97790145874023
1619,65.02911818027496,64.97790145874023
1620,65.07753992080688,64.97790145874023
1621,65.10384428501129,64.98399674892426
1622,65.15040576457977,64.97790145874023
1623,65.05274999141693,64.97790145874023
1624,65.11218619346619,64.97790145874023
1625,65.04557478427887,64.98052966594696
1626,65.06991696357727,64.95714569091797
1627,65.20357310771942,64.95714569091797
1628,65.08244442939758,64.95714569091797
1629,65.08927237987518,64.95714569091797
1630,64.99511516094208,64.95714569091797
1631,65.03228425979614,64.95714569091797
1632,65.09496414661407,64.95733594894409
1633,65.17255926132202,64.95733594894409
1634,65.06274390220642,64.95733594894409
1635,65.06340479850769,64.95714569091797
1636,65.14370572566986,64.95714569091797
1637,65.11219990253448,64.95714569091797
1638,65.22807967662811,65.07651877403259
1639,65.38961672782898,65.18440628051758
1640,65.47438788414001,65.18440628051758
1641,65.38118946552277,65.18440628051758
1642,65.32556986808777,65.18440628051758
1643,65.35135555267334,65.18440628051758
1644,65.39445233345032,65.18440628051758
1645,65.38020920753479,65.1885997056961
