episode,reward,q-online-value,q-target-value
1,11.0,0.0003749944650917314,0.0004758459236472845
2,27.0,0.0035528048779815435,0.0008484746818430721
3,37.0,0.011691542100161314,0.0014230666705407201
4,20.0,0.009968295842409134,0.0008367734495550394
5,15.0,0.009387447983026504,0.0006275800871662796
6,29.0,0.02308625102043152,0.0011977009754627942
7,11.0,0.011394636929035187,0.0005929998715873808
8,17.0,0.01856357015669346,0.0007424984849058092
9,17.0,0.02113129161298275,0.0007424984849058092
10,10.0,0.014260012954473496,0.0004964893567375838
11,22.0,0.03113060735166073,0.0007564352673944086
12,12.0,0.020290446877479554,0.0005333051225170493
13,15.0,0.02688494458794594,0.0006275800871662796
14,30.0,0.06024410396814346,0.0012161088583525271
15,89.0,0.23710461005568503,0.0037080213241279126
16,23.0,0.07367423176765442,0.0009310484142042697
17,18.0,0.061964402794837954,0.0007609063677955418
18,17.0,0.06127547889947891,0.0007034471689257771
19,15.0,0.05860626965761185,0.0007056827191263438
20,10.0,0.040013107359409335,0.0004574380407575518
21,15.0,0.06240570187568664,0.0007056827191263438
22,17.0,0.07374896883964538,0.0008206011168658733
23,9.0,0.041136203706264494,0.00047808147384785114
24,30.0,0.13242671638727188,0.0012161088583525271
25,11.0,0.05219421803951264,0.0005148972396273166
26,10.0,0.04916701763868332,0.0004964893567375838
27,14.0,0.06802909195423126,0.0006091722042765468
28,13.0,0.06593584477901458,0.0006298156373668462
29,13.0,0.06684919148683548,0.0006298156373668462
30,13.0,0.062322212159633635,0.00039550774148665367
31,14.0,0.07345758050680161,0.000687274836236611
32,11.0,0.05750560313463211,0.0005148972396273166
33,12.0,0.06346946448087692,0.0005723564384970814
34,20.0,0.10427085816860199,0.0008367734495550394
35,18.0,0.09636646181344986,0.000839008999755606
36,17.0,0.09127428740262986,0.0007815498008858412
37,10.0,0.054437866806983946,0.0004964893567375838
38,8.0,0.04390564739704132,0.00042062227497808636
39,14.0,0.07568915754556656,0.0006482235202565789
40,10.0,0.05470497786998749,0.0005355406727176159
41,14.0,0.07611722648143768,0.000687274836236611
42,10.0,0.05417165458202362,0.0004964893567375838
43,9.0,0.04930419445037842,0.00047808147384785114
44,14.0,0.07463689029216766,0.0005701208882965147
45,9.0,0.049818765521049496,0.0005171327898278832
46,14.0,0.0757591325044632,0.000687274836236611
47,23.0,0.12870590329170228,0.09786761342664249
48,11.0,0.06653770148754119,0.06025909185409546
49,13.0,0.08060455679893494,0.07051658630371094
50,10.0,0.06537621319293976,0.05513034462928772
51,13.0,0.08601052701473236,0.07051658630371094
52,10.0,0.06903728604316711,0.05474605739116669
53,10.0,0.07078373551368713,0.05474605739116669
54,12.0,0.08673210978507996,0.06538783907890319
55,20.0,0.1489604663848877,0.10833925306797028
56,12.0,0.09432248711585998,0.06577212631702423
57,14.0,0.11168392360210419,0.07602962076663972
58,11.0,0.09031067669391632,0.05987480461597443
59,11.0,0.09225937068462371,0.05987480461597443
60,14.0,0.11911512315273284,0.07564533352851868
61,18.0,0.15700725972652435,0.0969288969039917
62,11.0,0.09911400735378266,0.059490517377853394
63,18.0,0.16547013223171234,0.0969288969039917
64,13.0,0.12270049929618836,0.0701322990655899
65,13.0,0.12500999808311464,0.0701322990655899
66,9.0,0.08886683702468873,0.048848735690116885
67,12.0,0.1185099458694458,0.06461926460266114
68,9.0,0.09015628933906555,0.04846444845199585
69,9.0,0.09356226205825806,0.04923302292823792
70,10.0,0.10230682492256164,0.05397748291492462
71,12.0,0.12287538468837739,0.06461926460266114
72,10.0,0.10387401461601257,0.05397748291492462
73,12.0,0.12577469885349274,0.06500355184078216
74,14.0,0.14627512872219087,0.07564533352851868
75,14.0,0.1467877733707428,0.07564533352851868
76,12.0,0.12669263124465943,0.06500355184078216
77,10.0,0.10633081018924713,0.054361770153045656
78,16.0,0.16803838431835175,0.08628711521625519
79,9.0,0.09672842383384704,0.04923302292823792
80,18.0,0.18853794574737548,0.0969288969039917
81,10.0,0.1061231404542923,0.054361770153045656
82,10.0,0.10761876344680786,0.05474605739116669
83,18.0,0.19051915884017945,0.0969288969039917
84,13.0,0.13848228454589845,0.07051658630371094
85,16.0,0.1685091459751129,0.08628711521625519
86,10.0,0.10720570921897889,0.05474605739116669
87,9.0,0.09641385197639465,0.04923302292823792
88,9.0,0.09746116757392884,0.049617310166358945
89,13.0,0.13871492981910705,0.07090087354183197
90,10.0,0.10737397193908692,0.05474605739116669
91,12.0,0.12891351580619811,0.06577212631702423
92,13.0,0.13878716230392457,0.07090087354183197
93,9.0,0.09711484313011169,0.049617310166358945
94,12.0,0.12811447739601134,0.06538783907890319
95,9.0,0.0965919852256775,0.04923302292823792
96,17.0,0.1805498993396759,0.09218443691730499
97,17.0,0.18040916800498963,0.09256872415542602
98,8.0,0.08596399307250976,0.044104275703430174
99,12.0,0.12793704748153686,0.06538783907890319
100,9.0,0.09203145146369934,0.04654301226139069
101,9.0,0.09697795271873474,0.049617310166358945
102,10.0,0.10678539633750915,0.05474605739116669
103,13.0,0.1381102430820465,0.07090087354183197
104,10.0,0.10679005384445191,0.05474605739116669
105,14.0,0.14851235151290892,0.07564533352851868
106,11.0,0.11693385601043702,0.05987480461597443
107,11.0,0.11710784435272217,0.05987480461597443
108,8.0,0.08608561992645264,0.044104275703430174
109,11.0,0.1169912028312683,0.05987480461597443
110,17.0,0.18103402733802795,0.09256872415542602
111,9.0,0.09680627822875977,0.049617310166358945
112,10.0,0.10707090616226196,0.05474605739116669
113,9.0,0.0968144702911377,0.08030498683452607
114,8.0,0.08894081473350525,0.08575307846069335
115,10.0,0.11305488586425781,0.10664242267608642
116,8.0,0.09270697116851806,0.08575307846069335
117,13.0,0.15244911074638368,0.13825090169906618
118,9.0,0.108007493019104,0.09592328786849975
119,8.0,0.09826741695404052,0.08575307846069335
120,9.0,0.11223899126052857,0.09647221326828002
121,10.0,0.12699074506759644,0.1071913480758667
122,9.0,0.11528337478637696,0.09592328786849975
123,10.0,0.13004122614860536,0.10664242267608642
124,9.0,0.11893526911735534,0.09592328786849975
125,9.0,0.12169738888740539,0.09647221326828002
126,12.0,0.1631286036968231,0.1275317668914795
127,9.0,0.12490503430366516,0.09592328786849975
128,11.0,0.1542280161380768,0.11681263208389282
129,12.0,0.17151759147644044,0.1275317668914795
130,11.0,0.15959709525108337,0.11681263208389282
131,11.0,0.16050393223762513,0.11626370668411255
132,9.0,0.1333608865737915,0.09537436246871948
133,16.0,0.23899229645729064,0.16876152992248536
134,14.0,0.21127955555915834,0.14732326030731202
135,10.0,0.1543889844417572,0.10609349727630615
136,10.0,0.1550732421875,0.10609349727630615
137,11.0,0.17110812664031982,0.11626370668411255
138,15.0,0.23499442577362062,0.15859132051467895
139,10.0,0.15797728061676025,0.10609349727630615
140,17.0,0.2660269796848297,0.17893173933029174
141,10.0,0.15889713048934936,0.10609349727630615
142,12.0,0.19050769925117492,0.12698284149169922
143,9.0,0.14395546793937683,0.09537436246871948
144,12.0,0.18933154225349427,0.12643391609191895
145,11.0,0.17394928336143495,0.11626370668411255
146,10.0,0.15856629490852356,0.10609349727630615
147,11.0,0.17353060483932495,0.11626370668411255
148,12.0,0.18959990739822388,0.12698284149169922
149,12.0,0.19136708378791809,0.1275317668914795
150,10.0,0.15940954089164733,0.10609349727630615
151,10.0,0.15876785635948182,0.10609349727630615
152,9.0,0.14374566078186035,0.09592328786849975
153,10.0,0.15920424222946167,0.10609349727630615
154,12.0,0.19069838523864746,0.1275317668914795
155,9.0,0.14373701333999633,0.09592328786849975
156,11.0,0.17459942221641542,0.11681263208389282
157,8.0,0.12720222830772399,0.08520415306091308
158,10.0,0.1603948152065277,0.10664242267608642
159,9.0,0.14441086292266847,0.09592328786849975
160,10.0,0.15918333530426027,0.10609349727630615
161,9.0,0.14372443795204162,0.09592328786849975
162,9.0,0.14357893347740172,0.09592328786849975
163,11.0,0.17509512305259706,0.11681263208389282
164,10.0,0.16040770173072816,0.10664242267608642
165,11.0,0.17584672451019287,0.11681263208389282
166,12.0,0.19104355096817016,0.12698284149169922
167,10.0,0.1593591070175171,0.10609349727630615
168,11.0,0.17482459425926208,0.11626370668411255
169,11.0,0.1744322121143341,0.11626370668411255
170,9.0,0.14334980487823487,0.09537436246871948
171,10.0,0.15898385643959045,0.10609349727630615
172,9.0,0.1433930790424347,0.09592328786849975
173,9.0,0.14385537981986998,0.09592328786849975
174,10.0,0.1594698393344879,0.10609349727630615
175,8.0,0.12820254325866698,0.08520415306091308
176,9.0,0.1442913019657135,0.09647221326828002
177,8.0,0.12826075434684753,0.08575307846069335
178,9.0,0.143857581615448,0.09592328786849975
179,9.0,0.1435810422897339,0.09592328786849975
180,9.0,0.14357582688331605,0.09592328786849975
181,10.0,0.15848125100135804,0.10609349727630615
182,9.0,0.143602112531662,0.09592328786849975
183,9.0,0.1436047661304474,0.09592328786849975
184,8.0,0.1283612608909607,0.08575307846069335
185,9.0,0.14315834403038025,0.09592328786849975
186,10.0,0.15858027935028077,0.10664242267608642
187,9.0,0.1440013015270233,0.09647221326828002
188,9.0,0.14341961979866027,0.09592328786849975
189,9.0,0.1427786374092102,0.09592328786849975
190,9.0,0.1426967179775238,0.09592328786849975
191,10.0,0.1595984721183777,0.10664242267608642
192,9.0,0.14542038679122926,0.12844204902648926
193,9.0,0.14903940200805665,0.14442696690559387
194,9.0,0.15148342728614808,0.14442696690559387
195,10.0,0.17098280072212219,0.16047440767288207
196,9.0,0.15624307870864867,0.14442696690559387
197,8.0,0.14054368257522584,0.12837952613830567
198,8.0,0.14221888303756713,0.12837952613830567
199,11.0,0.19746802091598512,0.1758186089992523
200,8.0,0.1465002715587616,0.12837952613830567
201,11.0,0.2030389142036438,0.1758186089992523
202,10.0,0.18819957852363586,0.16047440767288207
203,9.0,0.17151375174522399,0.14442696690559387
204,8.0,0.15429754972457885,0.12837952613830567
205,8.0,0.1557953441143036,0.12837952613830567
206,9.0,0.17554238557815552,0.1437237274646759
207,10.0,0.1990601146221161,0.16047440767288207
208,10.0,0.20106565237045287,0.16047440767288207
209,10.0,0.20314969539642333,0.16047440767288207
210,9.0,0.18450223207473754,0.14442696690559387
211,10.0,0.20547494292259216,0.1597711682319641
212,12.0,0.24718425631523133,0.19116281032562255
213,9.0,0.18707369208335878,0.1437237274646759
214,10.0,0.20918201208114623,0.1597711682319641
215,11.0,0.23000250816345214,0.17511536955833434
216,11.0,0.2307954275608063,0.17511536955833434
217,10.0,0.21211237072944641,0.1597711682319641
218,9.0,0.19095696926116942,0.1437237274646759
219,9.0,0.19271084785461426,0.14442696690559387
220,11.0,0.23299844741821288,0.17511536955833434
221,9.0,0.19182814359664918,0.1437237274646759
222,9.0,0.1909847664833069,0.1437237274646759
223,8.0,0.17112114667892456,0.12837952613830567
224,8.0,0.17179943084716798,0.12837952613830567
225,9.0,0.1919880485534668,0.1437237274646759
226,12.0,0.2540269184112549,0.19045957088470458
227,13.0,0.2738314700126648,0.20580377221107482
228,12.0,0.25278352737426757,0.18975633144378662
229,11.0,0.23310070037841796,0.17441213011741638
230,9.0,0.19257107019424438,0.1437237274646759
231,8.0,0.17050690650939943,0.1276762866973877
232,10.0,0.21217965126037597,0.15906792879104614
233,10.0,0.21223517656326293,0.15906792879104614
234,9.0,0.192366783618927,0.14442696690559387
235,10.0,0.21237435102462768,0.15906792879104614
236,10.0,0.21227576494216918,0.15906792879104614
237,9.0,0.19235918521881104,0.1437237274646759
238,10.0,0.21337512969970704,0.1597711682319641
239,10.0,0.21292841911315918,0.1597711682319641
240,10.0,0.21273041486740113,0.1597711682319641
241,10.0,0.21374287366867065,0.1597711682319641
242,9.0,0.19251134395599365,0.14442696690559387
243,8.0,0.17095961332321166,0.12837952613830567
244,10.0,0.21224555015563965,0.1597711682319641
245,10.0,0.21389148473739625,0.1597711682319641
246,10.0,0.2139500379562378,0.1597711682319641
247,10.0,0.21308981657028198,0.1597711682319641
248,11.0,0.23392035961151122,0.17511536955833434
249,12.0,0.25552451610565186,0.19116281032562255
250,10.0,0.21301698923110962,0.1597711682319641
251,10.0,0.21207502841949463,0.15906792879104614
252,10.0,0.2118415641784668,0.15906792879104614
253,9.0,0.1914215612411499,0.1437237274646759
254,9.0,0.19282142162323,0.14442696690559387
255,9.0,0.19239500999450684,0.14442696690559387
256,10.0,0.21323628187179566,0.1597711682319641
257,10.0,0.21246392965316774,0.1597711682319641
258,8.0,0.17106772899627687,0.12837952613830567
259,10.0,0.21358604192733766,0.16047440767288207
260,8.0,0.17045594215393067,0.12837952613830567
261,9.0,0.19110479831695557,0.14442696690559387
262,10.0,0.2122410273551941,0.1597711682319641
263,9.0,0.19168156623840332,0.14442696690559387
264,10.0,0.213241286277771,0.16047440767288207
265,9.0,0.19178639173507692,0.14442696690559387
266,11.0,0.23322288274765016,0.17511536955833434
267,10.0,0.21283518075942992,0.16047440767288207
268,9.0,0.19129502296447753,0.14442696690559387
269,10.0,0.21340641498565674,0.16047440767288207
270,8.0,0.17051936864852904,0.12837952613830567
271,10.0,0.21251610040664673,0.16047440767288207
272,11.0,0.23443501949310303,0.1765218484401703
273,11.0,0.23391590356826783,0.17511536955833434
274,10.0,0.2135178279876709,0.16047440767288207
275,11.0,0.2383640718460083,0.23467931985855103
276,9.0,0.19872703313827514,0.19201035261154176
277,10.0,0.22318462371826173,0.21278983354568481
278,8.0,0.18134108066558838,0.1706758689880371
279,10.0,0.22928845882415771,0.21334483623504638
280,9.0,0.2090744161605835,0.19201035261154176
281,10.0,0.23537958145141602,0.21334483623504638
282,9.0,0.21426888942718506,0.19201035261154176
283,10.0,0.24039849042892455,0.21334483623504638
284,12.0,0.29140582799911496,0.2554588007926941
285,9.0,0.22189653873443604,0.19201035261154176
286,10.0,0.24805662631988526,0.21278983354568481
287,9.0,0.22473715782165526,0.19145534992218016
288,10.0,0.2508252239227295,0.21223483085632325
289,9.0,0.22875489234924318,0.19145534992218016
290,11.0,0.2810274624824524,0.23356931447982787
291,10.0,0.25656425952911377,0.21223483085632325
292,9.0,0.23232787609100342,0.1909003472328186
293,10.0,0.25930448055267336,0.21223483085632325
294,10.0,0.2587887239456177,0.21167982816696168
295,9.0,0.23535152673721313,0.19145534992218016
296,9.0,0.23526979446411134,0.1909003472328186
297,9.0,0.23622557878494263,0.19145534992218016
298,9.0,0.23617231845855713,0.19145534992218016
299,8.0,0.21021717309951782,0.17012086629867554
300,9.0,0.2368895649909973,0.19145534992218016
301,11.0,0.2885997533798218,0.2330143117904663
302,10.0,0.26174426555633545,0.21167982816696168
303,9.0,0.23642011642456054,0.1909003472328186
304,8.0,0.21077380895614625,0.17012086629867554
305,10.0,0.2636459398269653,0.21278983354568481
306,10.0,0.2648135042190552,0.21278983354568481
307,11.0,0.290266740322113,0.23412431716918947
308,9.0,0.23708219766616823,0.19145534992218016
309,11.0,0.28893456935882567,0.23356931447982787
310,11.0,0.28894020080566407,0.2330143117904663
311,9.0,0.2375109338760376,0.19201035261154176
312,9.0,0.23619744062423706,0.19145534992218016
313,10.0,0.2626978540420532,0.21278983354568481
314,9.0,0.23656441450119017,0.19145534992218016
315,9.0,0.2361111807823181,0.19145534992218016
316,10.0,0.26281075239181517,0.21278983354568481
317,9.0,0.23679819583892822,0.19145534992218016
318,10.0,0.2624334239959717,0.21278983354568481
319,8.0,0.21026294231414794,0.1706758689880371
320,9.0,0.23629578351974487,0.19201035261154176
321,10.0,0.2628778076171875,0.21278983354568481
322,9.0,0.23755234956741333,0.19201035261154176
323,10.0,0.26333495378494265,0.21278983354568481
324,8.0,0.21134010791778565,0.1706758689880371
325,11.0,0.29024844884872436,0.23356931447982787
326,10.0,0.2635811972618103,0.21278983354568481
327,13.0,0.3425059056282043,0.2762382817268372
328,9.0,0.2371667742729187,0.19145534992218016
329,9.0,0.23720569133758546,0.19145534992218016
330,8.0,0.21083367824554444,0.1706758689880371
331,9.0,0.23684072494506836,0.19201035261154176
332,10.0,0.26261923313140867,0.21278983354568481
333,9.0,0.23669859409332275,0.19201035261154176
334,9.0,0.23722002744674683,0.19201035261154176
335,10.0,0.2621849012374878,0.21223483085632325
336,10.0,0.2633430337905884,0.21278983354568481
337,9.0,0.2367209529876709,0.19145534992218016
338,11.0,0.28919472932815554,0.23356931447982787
339,9.0,0.23698774337768555,0.19201035261154176
340,9.0,0.23753101587295533,0.19201035261154176
341,9.0,0.2374645209312439,0.19201035261154176
342,8.0,0.21042759895324706,0.1706758689880371
343,8.0,0.2106168270111084,0.1706758689880371
344,10.0,0.26304871797561646,0.21278983354568481
345,9.0,0.23751477003097535,0.19201035261154176
346,9.0,0.23742177248001098,0.19201035261154176
347,10.0,0.2643717074394226,0.21334483623504638
348,9.0,0.23682340145111083,0.19145534992218016
349,9.0,0.2362996768951416,0.19145534992218016
350,9.0,0.23734592914581298,0.19201035261154176
351,10.0,0.2631198358535767,0.21223483085632325
352,9.0,0.23697502613067628,0.19145534992218016
353,10.0,0.26317457914352416,0.21223483085632325
354,9.0,0.23762683153152467,0.19201035261154176
355,10.0,0.2637795972824097,0.21334483623504638
356,10.0,0.26400190114974975,0.21334483623504638
357,9.0,0.2375399112701416,0.19201035261154176
358,9.0,0.23822876691818237,0.19201035261154176
359,8.0,0.21251976490020752,0.2010765266418457
360,9.0,0.24307178735733032,0.23761133909225463
361,9.0,0.24597973823547364,0.23761133909225463
362,10.0,0.2759885597229004,0.26342854022979734
363,10.0,0.27831233978271486,0.26284448146820066
364,10.0,0.2824287414550781,0.26342854022979734
365,9.0,0.25678019762039184,0.23702728033065795
366,11.0,0.315408935546875,0.28866168260574343
367,10.0,0.2907034254074097,0.26284448146820066
368,11.0,0.3209867572784424,0.2880776238441467
369,10.0,0.2964348912239075,0.26284448146820066
370,11.0,0.327171790599823,0.2880776238441467
371,9.0,0.2710511636734009,0.23644322156906128
372,8.0,0.24212388277053834,0.21004196166992187
373,11.0,0.33354514122009277,0.2880776238441467
374,11.0,0.33520318031311036,0.2880776238441467
375,10.0,0.3066325902938843,0.262260422706604
376,12.0,0.3675467729568481,0.31389482498168947
377,10.0,0.3071965479850769,0.2616763639450073
378,12.0,0.3686704683303833,0.31389482498168947
379,14.0,0.42967323303222654,0.36611328601837156
380,12.0,0.3685559034347534,0.31389482498168947
381,15.0,0.4621970772743225,0.39193048715591433
382,11.0,0.3385749316215515,0.28749356508255003
383,13.0,0.4007337284088135,0.3397120261192322
384,17.0,0.5228776502609253,0.4441489481925964
385,18.0,0.5557640600204468,0.46996614933013914
386,21.0,0.6485052514076233,0.5485858702659607
387,20.0,0.6178187561035157,0.5221846103668213
388,20.0,0.6185529685020447,0.5221846103668213
389,20.0,0.6187935709953308,0.5221846103668213
390,14.0,0.4335032391548157,0.3655292272567749
391,19.0,0.5887071442604065,0.4963674092292786
392,16.0,0.4951217746734619,0.41774768829345704
393,30.0,0.9306297612190246,0.7832769155502319
394,31.0,0.9624622750282288,0.8090941166877746
395,39.0,1.2119649171829223,1.0179679608345031
396,30.0,0.9336057543754578,0.7832769155502319
397,21.0,0.6524304795265198,0.548001811504364
398,21.0,0.6522429299354553,0.548001811504364
399,18.0,0.5595644307136536,0.46996614933013914
400,24.0,0.7452997088432312,0.6260374736785889
401,38.0,1.1843358659744263,0.9921507596969604
402,51.0,1.590055115222931,1.331278727054596
403,24.0,0.7473326563835144,0.6266215324401856
404,41.0,1.2776191234588623,1.0701864218711854
405,36.0,1.1475520014762879,1.1060362339019776
406,74.0,2.4944390511512755,2.3038329768180845
407,21.0,0.7327646660804749,0.6538219761848449
408,23.0,0.8065790557861328,0.7160877323150635
409,26.0,0.9166443967819213,0.8094548296928405
410,27.0,0.9570309495925904,0.8406192445755005
411,36.0,1.2825550794601441,1.1208466839790345
412,25.0,0.892651515007019,0.778353488445282
413,30.0,1.074238622188568,0.934049415588379
414,49.0,1.7582163619995117,1.525542562007904
415,76.0,2.7273824763298036,2.3661618065834045
416,62.0,2.224047513008118,1.930301513671875
417,61.0,2.1869797587394713,1.899137098789215
418,44.0,1.5767657113075257,1.3699097084999083
419,32.0,1.146459608078003,0.9962520980834961
420,42.0,1.5080498576164245,1.3076439523696899
421,27.0,0.9696455693244934,0.8406192445755005
422,54.0,1.9382219529151916,1.681238489151001
423,89.0,3.22728830575943,2.921238811016083
424,36.0,1.3709625005722046,1.2955390906333923
425,28.0,1.0942060041427613,1.0076853442192077
426,40.0,1.5940519952774048,1.4394659638404845
427,50.0,2.0193124437332153,1.7992831468582153
428,64.0,2.5957225799560546,2.3028299713134768
429,45.0,1.8260405778884887,1.619275939464569
430,29.0,1.1785679626464844,1.0435684466361999
431,32.0,1.3007690000534058,1.1516122174263002
432,30.0,1.2221771097183227,1.079648780822754
433,38.0,1.5526887464523316,1.3675025272369385
434,58.0,2.3661208534240723,2.086939661502838
435,44.0,1.7900408267974854,1.583392837047577
436,134.0,5.451396083831787,4.821550252437592
437,48.0,1.9566313552856445,1.7273197102546691
438,35.0,1.4306024408340454,1.2594587564468385
439,38.0,1.552240285873413,1.3675025272369385
440,42.0,1.7314671325683593,1.6190741205215453
441,45.0,1.9279698324203491,1.8393694734573365
442,44.0,1.9460233974456786,1.7986247873306274
443,62.0,2.7864695453643797,2.5340669107437135
444,28.0,1.2617073822021485,1.1446720361709595
445,55.0,2.487322630882263,2.248089942932129
446,26.0,1.1785134315490722,1.062927942276001
447,36.0,1.6322255420684815,1.4716484117507935
448,44.0,1.990153203010559,1.7986247873306274
449,34.0,1.5438586616516112,1.389904317855835
450,42.0,1.9101049375534058,1.7168806934356688
451,35.0,1.5906967258453368,1.4309037256240844
452,50.0,2.2775634479522706,2.043857069015503
453,55.0,2.5085245752334595,2.2483446645736693
454,40.0,1.8214684772491454,1.6351365995407106
455,53.0,2.4184544849395753,2.16609112739563
456,36.0,1.6422602128982544,1.4716484117507935
457,47.0,2.139128441810608,1.9213682889938355
458,58.0,2.6455334758758546,2.4261241245269773
459,32.0,1.5050935935974121,1.4571689558029175
460,30.0,1.444310851097107,1.366053056716919
461,81.0,4.001898984909058,3.689165768623352
462,32.0,1.589470067024231,1.4571689558029175
463,35.0,1.7382253170013429,1.5935000896453857
464,47.0,2.340334439277649,2.140195484161377
465,48.0,2.3962342500686646,2.186781578063965
466,52.0,2.5954043579101564,2.369698805809021
467,45.0,2.2485652208328246,2.0504504442214966
468,94.0,4.6902526044845585,4.2817618274688725
469,61.0,3.0479481172561647,2.7780067777633666
470,123.0,6.158051700592041,5.60397050857544
471,79.0,3.9623921728134155,3.5980498695373537
472,59.0,2.9802464294433593,2.8236073589324953
473,53.0,2.785746207237244,2.6549083948135377
474,94.0,5.063232164382935,4.708802251815796
475,63.0,3.420882215499878,3.1559093046188353
476,71.0,3.862412304878235,3.5566050958633424
477,43.0,2.340722622871399,2.153965783119202
478,51.0,2.771727080345154,2.5547198724746703
479,45.0,2.4435434103012086,2.254154305458069
480,43.0,2.3436790800094602,2.153965783119202
481,57.0,3.112062692642212,2.855285439491272
482,67.0,3.654700493812561,3.3563446474075316
483,49.0,2.672695345878601,2.4545313501358033
484,80.0,4.36690571308136,4.007482595443726
485,53.0,2.893713364601135,2.6549083948135377
486,63.0,3.549943375587463,3.4416738891601564
487,43.0,2.497229189872742,2.352884740829468
488,70.0,4.10850980758667,3.8296234798431397
489,39.0,2.2939099168777464,2.1333074283599855
490,41.0,2.4202745008468627,2.2434566259384154
491,50.0,2.937098388671875,2.735342330932617
492,79.0,4.644458675384522,4.32186972618103
493,56.0,3.299270439147949,3.0636266756057737
494,65.0,3.8129471731185913,3.5565940046310427
495,57.0,3.360378079414368,3.1181604623794557
496,41.0,2.422398247718811,2.2427355432510376
497,84.0,4.966619095802307,4.5952597427368165
498,63.0,3.7115989780426024,3.4464448070526124
499,74.0,4.3885824537277225,4.153479142189026
500,41.0,2.5109715557098387,2.4226620197296143
501,47.0,2.922579245567322,2.7772101831436156
502,57.0,3.5841631650924684,3.368123788833618
503,42.0,2.6475191783905028,2.481725459098816
504,50.0,3.1483134126663206,2.954512186050415
505,48.0,3.026698603630066,2.8362736225128176
506,62.0,3.9129015493392942,3.6636643552780153
507,103.0,6.524814219474792,6.086326375007629
508,89.0,5.638251700401306,5.259047327041626
509,57.0,3.612693819999695,3.368123788833618
510,75.0,4.750310482978821,4.431768279075623
511,67.0,4.256740999221802,3.959037394523621
512,59.0,3.773473925590515,3.5831821155548096
513,68.0,4.502910542488098,4.33171932220459
514,71.0,4.780386543273925,4.522721662521362
515,200.0,13.557809104919434,12.7418212890625
516,54.0,3.670061249732971,3.440541706085205
517,142.0,9.658471002578736,9.046193199157715
518,78.0,5.30912495136261,4.968810386657715
519,196.0,13.360674033164978,12.6156240940094
520,147.0,10.498243007659912,9.995282578468323
521,112.0,8.061358542442322,7.615549921989441
522,104.0,7.4774596929550174,7.071450147628784
523,90.0,6.4958901643753055,6.119512038230896
524,173.0,12.511647601127624,11.763122591972351
525,95.0,6.86991895198822,6.45946741104126
526,74.0,5.37742178440094,5.137230334281921
527,96.0,7.216096091270447,6.937773294448853
528,171.0,13.048658452033997,12.3543168592453
529,106.0,8.105242648124694,7.657372255325317
530,148.0,11.299428238868714,10.692129664421081
531,124.0,9.4713347864151,8.957982573509216
532,200.0,15.409124779701234,14.74295907020569
533,184.0,14.75773476600647,14.061766314506531
534,200.0,16.080404810905456,15.284749507904053
535,200.0,16.109229826927184,15.284749507904053
536,200.0,16.21081742286682,15.503601927757263
537,116.0,9.749835138320924,9.331956253051757
538,127.0,10.724150190353393,10.22260308265686
539,132.0,11.153354444503783,10.61958137512207
540,200.0,16.908685483932494,16.095314025878906
541,178.0,15.056712970733642,14.349236307144166
542,200.0,17.530207109451293,16.876142501831055
543,167.0,14.760439739227294,14.09166316986084
544,118.0,10.444350128173829,9.956827869415283
545,166.0,14.678258609771728,14.007078018188476
546,200.0,17.794353885650636,17.10712507247925
547,154.0,14.167709789276124,13.608654136657714
548,200.0,18.440109643936157,17.671908264160155
549,198.0,18.279574661254884,17.495000457763673
550,200.0,18.463179054260255,17.710982179641725
551,175.0,16.678292560577393,16.131783771514893
552,200.0,19.194380941390992,18.439595222473145
553,200.0,19.227544116973878,18.437513732910155
554,200.0,19.209106407165528,18.439595222473145
555,200.0,19.768715744018554,19.161080017089844
556,164.0,16.36967092514038,15.758864135742188
557,200.0,19.97297881126404,19.219390869140625
558,178.0,17.76652272224426,17.104566955566405
559,200.0,20.318947124481202,19.691894636154174
560,178.0,18.433762884140016,17.766485462188722
561,200.0,20.724839849472048,19.96663475036621
562,200.0,20.73788020133972,19.967398643493652
563,200.0,20.96253462791443,20.348391361236573
564,171.0,18.3275510597229,17.68800637245178
565,200.0,21.455081605911253,20.692468643188477
566,155.0,16.595197229385377,16.033232622146606
567,195.0,20.906383171081544,20.26494101524353
568,172.0,18.97142678260803,18.41356964111328
569,176.0,19.51033257484436,18.843312721252442
570,200.0,22.19109148979187,21.421771202087402
571,186.0,20.607518482208253,19.91566890716553
572,161.0,18.165980653762816,17.709010257720948
573,134.0,15.340366945266723,14.868105916976928
574,200.0,22.933998432159424,22.19433120727539
575,200.0,22.949348516464234,22.19685649871826
576,200.0,23.026962642669677,22.39792157173157
577,184.0,21.741373357772826,21.08877194404602
578,200.0,23.654830703735353,22.927502632141113
579,200.0,23.678432064056395,22.928408727645873
580,200.0,23.758536796569825,23.07836769104004
581,200.0,24.36248019218445,23.72471752166748
582,200.0,24.464587020874024,23.719107627868652
583,200.0,24.454482889175416,23.721912574768066
584,200.0,24.554330778121948,23.877618865966795
585,200.0,25.18746660232544,24.505131721496582
586,200.0,25.210714912414552,24.505131721496582
587,200.0,25.23204141616821,24.505131721496582
588,200.0,25.276398286819457,24.630107316970825
589,200.0,25.828645687103272,25.165332794189453
590,200.0,25.872900037765504,25.165332794189453
591,200.0,25.878428831100464,25.163024673461916
592,200.0,25.948273429870607,25.302075691223145
593,200.0,26.51073920249939,25.87122917175293
594,168.0,22.299626512527468,21.72787410736084
595,200.0,26.576867427825928,25.871888904571534
596,200.0,26.61489408493042,25.896370401382445
597,200.0,27.218382625579835,26.6152791595459
598,200.0,27.32788395881653,26.61790657043457
599,200.0,27.30401741027832,26.61790657043457
600,200.0,27.325816087722778,26.64790036201477
601,200.0,28.01207760810852,27.440183267593383
602,200.0,28.110834140777587,27.438984870910645
603,200.0,28.11071210861206,27.438984870910645
604,200.0,28.13900472640991,27.461726541519166
605,200.0,28.735667009353637,28.19269561767578
606,200.0,28.83955548286438,28.19269561767578
607,200.0,28.884793329238892,28.188842334747314
608,200.0,28.888668909072877,28.217276334762573
609,200.0,29.47258171081543,28.89408016204834
610,200.0,29.553770589828492,28.895429105758666
611,200.0,29.590295429229737,28.895429105758666
612,200.0,29.547580909729003,28.91511043548584
613,200.0,30.09798625946045,29.558933601379394
614,200.0,30.22387734413147,29.560028190612794
615,200.0,30.17524911880493,29.558386306762696
616,165.0,24.908645277023314,24.384464654922485
617,200.0,30.680882816314696,30.136397457122804
618,200.0,30.892209339141846,30.223133487701418
619,200.0,30.95194583892822,30.228179931640625
620,200.0,30.927670736312866,30.228179931640625
621,200.0,31.369197416305543,30.829247188568115
622,200.0,31.578870277404786,30.932280797958374
623,200.0,31.579629364013673,30.93033860206604
624,200.0,31.60113618850708,30.931309700012207
625,200.0,31.978775186538698,31.462648630142212
626,200.0,32.17711579322815,31.546996774673463
627,200.0,32.19914305686951,31.546996774673463
628,191.0,30.723802213668822,30.12450267791748
629,200.0,32.635637302398685,32.11540184020996
630,200.0,32.89948181152344,32.24202533721924
631,200.0,32.88466989517212,32.24538230895996
632,200.0,32.88779571533203,32.24538230895996
633,200.0,33.331394290924074,32.81749439239502
634,200.0,33.56323421478272,32.946733474731445
635,200.0,33.56251369476318,32.946733474731445
636,200.0,33.578622093200686,32.944106597900394
637,200.0,33.994268646240236,33.47244621276855
638,200.0,34.2045587348938,33.593051719665525
639,200.0,34.18836057662964,33.594085693359375
640,200.0,34.2209713935852,33.593051719665525
641,200.0,34.588064460754396,34.09510620117187
642,200.0,34.80073062896729,34.20767360687256
643,197.0,34.31369787216187,33.694217433929445
644,200.0,34.80489133834839,34.20767360687256
645,200.0,35.19912002563476,34.69349365234375
646,200.0,35.4348282623291,34.80881872177124
647,200.0,35.407723579406735,34.80881872177124
648,200.0,35.371899890899655,34.810011596679686
649,200.0,35.82851245880127,35.29358558654785
650,200.0,36.014659843444825,35.413286209106445
651,200.0,36.02109043121338,35.411598415374755
652,189.0,34.021891841888426,33.45796039581299
653,200.0,36.38020366668701,35.88647535324097
654,200.0,36.652128810882566,36.05095548629761
655,200.0,36.60951976776123,36.04686050415039
656,200.0,36.59513082504272,36.05232048034668
657,200.0,37.02175291061401,36.54897108078003
658,200.0,37.29768606185913,36.73499786376953
659,200.0,37.2997790145874,36.733034210205076
660,200.0,37.32658107757568,36.72910690307617
661,200.0,37.6445823097229,37.18209154129028
662,200.0,37.89142219543457,37.33780288696289
663,200.0,37.90867599487305,37.33585105895996
664,200.0,37.920510120391846,37.336826972961425
665,200.0,38.20728036880493,37.72726818084717
666,200.0,38.41667398452759,37.85917846679688
667,200.0,38.374656448364256,37.86148067474365
668,189.0,36.32702451705933,35.77494375228882
669,171.0,33.137021980285645,32.724005374908444
670,200.0,39.09043478012085,38.527950286865234
671,200.0,39.1107785987854,38.518751068115236
672,200.0,39.159378356933594,38.52565048217773
673,200.0,39.32816272735596,38.85368431091309
674,200.0,39.694713497161864,39.130921859741214
675,200.0,39.67678691864014,39.1292610168457
676,200.0,39.71535821914673,39.1292610168457
677,200.0,39.90511154174805,39.43632123947143
678,200.0,40.20576860427857,39.69105545043945
679,200.0,40.25463468551636,39.69220733642578
680,200.0,40.25753267288208,39.69105545043945
681,200.0,40.430078182220456,39.9676180267334
682,200.0,40.75888332366944,40.198188915252686
683,200.0,40.7551030921936,40.20322608947754
684,200.0,40.763172969818115,40.20490514755249
685,200.0,41.01293125152588,40.531949844360355
686,200.0,41.30527317047119,40.80506050109863
687,200.0,41.340877285003664,40.80057189941406
688,200.0,41.301752166748045,40.80506050109863
689,200.0,41.508873825073245,41.04732690811157
690,200.0,41.79851894378662,41.24847984313965
691,200.0,41.79076332092285,41.25178386688233
692,200.0,41.80695526123047,41.24847984313965
693,200.0,41.95115613937378,41.49249454498291
694,200.0,42.238606777191166,41.696712493896484
695,200.0,42.23176134109497,41.696712493896484
696,200.0,42.227611484527586,41.692320098876955
697,200.0,42.375803050994875,41.93177452087402
698,175.0,37.30561321258545,36.857367267608645
699,185.0,39.42238597869873,38.96369565963745
700,180.0,38.374904556274416,37.910224227905275
701,200.0,42.70279640197754,42.2587001991272
702,200.0,43.22633989334106,42.6965044593811
703,200.0,43.288744316101074,42.703961009979245
704,200.0,43.255045356750486,42.70768928527832
705,200.0,43.37769544601441,42.86665407180786
706,200.0,43.80100086212158,43.320302963256836
707,200.0,43.84014709472656,43.3163645362854
708,200.0,43.879268894195555,43.31899015426636
709,200.0,43.89852470397949,43.43447793960571
710,200.0,44.24466093063354,43.80442428588867
711,200.0,44.37506574630737,43.81228256225586
712,200.0,44.33363286972046,43.80638885498047
713,200.0,44.40199506759644,43.93299573898315
714,200.0,44.774484615325925,44.342731704711916
715,200.0,44.83699424743652,44.34464870452881
716,200.0,44.81375864028931,44.33314670562744
717,200.0,44.881966228485105,44.448685283660886
718,200.0,45.260988540649414,44.795467376708984
719,200.0,45.298542213439944,44.795467376708984
720,200.0,45.298013858795166,44.79324039459229
721,200.0,45.37247087478638,44.9305876159668
722,200.0,45.79395151138306,45.35912187576294
723,200.0,45.82492088317871,45.360605239868164
724,200.0,45.838214511871335,45.36208860397339
725,200.0,45.90567668914795,45.473923168182374
726,200.0,46.27910846710205,45.83558902740479
727,200.0,46.38097640991211,45.83787755966186
728,200.0,46.38172088623047,45.83787755966186
729,200.0,46.35042329788208,45.95621404647827
730,200.0,46.69163177490234,46.316017150878906
731,200.0,46.78327302932739,46.313582305908206
732,200.0,46.779148483276366,46.31236488342285
733,200.0,46.84374629974365,46.43413652420044
734,200.0,47.305254764556885,46.79390213012695
735,200.0,47.24572774887085,46.79390213012695
736,200.0,47.27218683242798,46.796568145751955
737,200.0,47.32200759887695,46.90553600311279
738,200.0,47.67664186477661,47.2437629699707
739,200.0,47.70561357498169,47.2437629699707
740,200.0,47.6475870513916,47.247502136230466
741,200.0,47.77279392242431,47.35852373123169
742,200.0,48.19365592956543,47.717185974121094
743,200.0,48.14016574859619,47.717185974121094
744,200.0,48.1582271194458,47.717185974121094
745,200.0,48.21602811813354,47.82934366226196
746,200.0,48.58839319229126,48.17753503799438
747,200.0,48.63296005249023,48.173261642456055
748,200.0,48.64008108139038,48.173261642456055
749,200.0,48.701984844207765,48.29718591690064
750,200.0,49.11558324813843,48.69619476318359
751,200.0,49.12431818008423,48.69057846069336
752,200.0,49.088494567871095,48.69479068756104
753,200.0,49.12329488754273,48.779958171844484
754,200.0,49.43132804870606,49.05436693191528
755,200.0,49.44716945648193,49.05308696746826
756,200.0,49.51150032043457,49.05436693191528
757,200.0,49.566915912628176,49.17064517974853
758,200.0,49.91004716873169,49.51011657714844
759,200.0,49.94225902557373,49.51011657714844
760,200.0,49.9236082649231,49.50810775756836
761,200.0,50.02765371322632,49.6303980255127
762,200.0,50.431748657226564,50.00413131713867
763,200.0,50.41105527877808,50.00362682342529
764,200.0,50.434835529327394,50.00362682342529
765,200.0,50.486772518157956,50.11697566986084
766,200.0,50.809181442260744,50.4658226776123
767,200.0,50.86713893890381,50.46937942504883
768,200.0,50.88893829345703,50.4658226776123
769,200.0,50.9083988571167,50.56261978149414
770,200.0,51.2100534248352,50.85457975387573
771,200.0,51.32832174301147,50.85457975387573
772,200.0,51.2195219039917,50.85457975387573
773,200.0,51.26152252197266,50.94048698425293
774,200.0,51.61403932571411,51.22571605682373
775,200.0,51.63625120162964,51.22571605682373
776,200.0,51.640398788452146,51.22571605682373
777,200.0,51.69474250793457,51.31124200820923
778,200.0,51.97692014694214,51.58755222320556
779,200.0,51.98172550201416,51.5828098487854
780,200.0,51.958101997375486,51.58439064025879
781,200.0,52.05027667999268,51.68522462844849
782,200.0,52.401433029174804,51.99591827392578
783,200.0,52.358841381073,51.99591827392578
784,200.0,52.35676671981812,51.99591827392578
785,200.0,52.423115787506106,52.09452411651611
786,200.0,52.76989803314209,52.38575784683228
787,200.0,52.80142009735108,52.388864517211914
788,200.0,52.81108320236206,52.388864517211914
789,200.0,52.80769338607788,52.485918846130375
790,200.0,53.16862937927246,52.78003368377686
791,200.0,53.17333427429199,52.77969484329223
792,200.0,53.16723285675049,52.77935600280762
793,200.0,53.206074962615965,52.872694606781
794,178.0,47.659305000305174,47.31947978973389
795,200.0,53.57159240722656,53.15525436401367
796,200.0,53.55701364517212,53.15525436401367
797,200.0,53.54748422622681,53.195420246124264
798,200.0,53.817304344177245,53.4637007522583
799,200.0,53.86960998535156,53.46360397338867
800,200.0,53.901642875671385,53.46360397338867
801,200.0,53.8565923500061,53.52946298599243
802,200.0,54.20025423049927,53.94537353515625
803,200.0,54.32352224349975,53.94537353515625
804,187.0,50.79372232437134,50.445869846343996
805,200.0,54.28677518844604,53.97244464874267
806,200.0,54.67863172531128,54.33210372924805
807,200.0,54.69080841064453,54.33210372924805
808,200.0,54.65336542129516,54.33210372924805
809,200.0,54.71407123565674,54.3612956237793
810,200.0,54.972972545623776,54.69353193283081
811,200.0,55.046487941741944,54.69353193283081
812,197.0,54.212396717071535,53.8839520072937
813,200.0,55.059201602935794,54.71145990371704
814,200.0,55.29069169998169,55.01719284057617
815,200.0,55.39029445648193,55.01719284057617
816,200.0,55.346364650726315,55.023204498291015
817,200.0,55.35177309036255,55.03165554046631
818,200.0,55.61382411956787,55.293296813964844
819,200.0,55.65267063140869,55.29318305969238
820,200.0,55.5794421005249,55.293296813964844
821,200.0,55.548158988952636,55.306593589782715
822,200.0,55.82017484664917,55.51565099716186
823,200.0,55.815633602142334,55.51752281188965
824,200.0,55.861560077667235,55.51752281188965
825,200.0,55.88893102645874,55.53146715164185
826,200.0,56.06471504211426,55.78410339355469
827,200.0,56.07629270553589,55.78410339355469
828,200.0,56.11741802215576,55.78584991455078
829,200.0,56.09199813842773,55.79802219390869
830,200.0,56.32853225708008,56.04601287841797
831,200.0,56.3337407875061,56.04601287841797
832,200.0,56.33118782043457,56.04460380554199
833,199.0,56.0265735244751,55.78203037261963
834,200.0,56.538211059570315,56.25684928894043
835,200.0,56.55196159362793,56.25607530593872
836,200.0,56.57231353759766,56.25607530593872
837,200.0,56.638577728271486,56.2701756477356
838,200.0,56.81994501113891,56.574310302734375
839,200.0,56.778903770446775,56.574310302734375
840,200.0,56.87349346160889,56.574310302734375
841,200.0,56.85941432952881,56.584798622131345
842,200.0,57.0316431427002,56.78407669067383
843,200.0,57.07635961532593,56.78400966644287
844,200.0,57.0341388130188,56.78400966644287
845,200.0,57.10287145614624,56.804346294403075
846,200.0,57.43682922363281,57.18873010635376
847,200.0,57.51195152282715,57.18873010635376
848,200.0,57.46626569747925,57.19080924987793
849,200.0,57.489464950561526,57.20556087493897
850,200.0,57.77530471801758,57.48425012588501
851,200.0,57.78380922317505,57.48425012588501
852,200.0,57.82772655487061,57.48584175109863
853,200.0,57.74606208801269,57.505840072631834
854,200.0,58.06417432785034,57.831390380859375
855,200.0,58.15188550949097,57.832519645690915
856,200.0,58.1076086807251,57.831390380859375
857,200.0,58.16871545791626,57.84265029907227
858,200.0,58.3430998802185,58.07917404174805
859,200.0,58.35086940765381,58.07917404174805
860,200.0,58.35795993804932,58.07917404174805
861,200.0,58.3136709022522,58.090661430358885
862,200.0,58.63925497055054,58.308921813964844
863,200.0,58.603848915100095,58.308921813964844
864,200.0,58.57474130630493,58.30764602661133
865,200.0,58.644827880859374,58.32815074920654
866,200.0,58.96412633895874,58.69350051879883
867,200.0,58.885372676849364,58.69350051879883
868,200.0,58.91880386352539,58.69350051879883
869,200.0,59.00655639648438,58.711582260131834
870,200.0,59.17382207870483,58.94860143661499
871,200.0,59.179931716918944,58.949087142944336
872,200.0,59.23509983062744,58.949087142944336
873,200.0,59.23857427597046,58.96022443771362
874,200.0,59.42747802734375,59.171339149475095
875,200.0,59.45353075027466,59.17232692718506
876,200.0,59.41634744644165,59.17183303833008
877,200.0,59.413852272033694,59.17917058944702
878,200.0,59.53421672821045,59.308706283569336
879,200.0,59.58231163024902,59.308706283569336
880,200.0,59.59291040420532,59.308706283569336
881,200.0,59.587899417877196,59.319487762451175
882,200.0,59.81575220108032,59.524224529266355
883,200.0,59.8255348777771,59.524224529266355
884,200.0,59.75538185119629,59.524447193145754
885,200.0,59.707720565795896,59.5269376373291
886,200.0,59.819554557800295,59.62668437957764
887,200.0,59.857924423217774,59.629215240478516
888,200.0,59.83947431564331,59.629215240478516
889,200.0,59.91688121795654,59.6452938079834
890,200.0,60.03777320861816,59.95078659057617
891,200.0,60.18118614196777,59.94980972290039
892,200.0,60.09411653518677,59.95078659057617
893,200.0,60.200581035614015,59.95931095123291
894,200.0,60.31855522155762,60.08219909667969
895,200.0,60.255380153656006,60.08219909667969
896,200.0,60.30321689605713,60.08219909667969
897,161.0,48.575467052459715,48.37132553100586
898,200.0,60.53088796615601,60.27865695953369
899,200.0,60.56531015396118,60.311384201049805
900,194.0,58.69542778015137,58.50389760971069
901,200.0,60.549852256774905,60.311384201049805
902,200.0,60.62158117294312,60.45798498153687
903,200.0,60.721588382720945,60.48916816711426
904,200.0,60.677555065155026,60.488846416473386
905,200.0,60.732165279388425,60.48916816711426
906,200.0,61.043791694641115,60.81360780715942
907,200.0,61.09757549285889,60.88388442993164
908,200.0,61.088325576782225,60.88388442993164
909,200.0,61.14087051391601,60.885965232849124
910,200.0,61.33018035888672,61.099647216796875
911,200.0,61.27186595916748,61.142965145111084
912,200.0,61.380417060852054,61.142224922180176
913,200.0,61.33489252090454,61.142965145111084
914,200.0,61.41486938476562,61.27096811294555
915,200.0,61.44336664199829,61.297616958618164
916,200.0,61.46028564453125,61.297616958618164
917,200.0,61.48545999526978,61.297616958618164
918,200.0,61.68253396987915,61.51426914215088
919,200.0,61.697752437591554,61.560171127319336
920,200.0,61.759302349090575,61.55894952774048
921,200.0,61.832778759002686,61.560171127319336
922,200.0,61.92685373306274,61.729976654052734
923,200.0,61.954745082855226,61.76483751296997
924,200.0,61.963401069641115,61.76483751296997
925,200.0,61.945033435821536,61.76601982116699
926,200.0,62.03281639099121,61.8659673500061
927,200.0,62.138146286010745,61.88935470581055
928,200.0,62.051001739501956,61.88935470581055
929,200.0,62.11359579086304,61.88935470581055
930,200.0,62.323079109191895,62.133797550201415
931,200.0,62.38785490036011,62.18363990783691
932,200.0,62.36086151123047,62.18497486114502
933,200.0,62.38919485092163,62.186309814453125
934,200.0,62.60865297317505,62.366172790527344
935,200.0,62.63761726379394,62.401822853088376
936,200.0,62.61551338195801,62.40388488769531
937,200.0,62.57297962188721,62.401822853088376
938,200.0,62.78965591430664,62.598606491088866
939,200.0,62.79360317230225,62.6400146484375
940,200.0,62.77383731842041,62.6456880569458
941,200.0,62.84094022750855,62.6400146484375
942,200.0,62.85688652038574,62.752105693817136
943,200.0,62.91338949203491,62.77667890548706
944,200.0,62.926979007720945,62.77756690979004
945,200.0,62.97990037918091,62.77667890548706
946,200.0,63.12406356811523,62.951533203125
947,200.0,63.24934282302856,62.98442001342774
948,200.0,63.19647510528564,62.98725509643555
949,200.0,63.24224733352661,62.98442001342774
950,200.0,63.339743041992186,63.1906046295166
951,200.0,63.37395919799805,63.23019191741943
952,200.0,63.39511587142945,63.23019191741943
953,200.0,63.44527021408081,63.23133087158203
954,200.0,63.65612405776977,63.44752048492432
955,200.0,63.67228651046753,63.49518966674805
956,200.0,63.59754697799683,63.49518966674805
957,200.0,63.629357452392576,63.49518966674805
958,200.0,63.842117919921876,63.69118185043335
959,200.0,63.9127805519104,63.733247413635254
960,200.0,63.91262983322144,63.733247413635254
961,200.0,63.811743602752685,63.73484420776367
962,200.0,64.00610446929932,63.84113182067871
963,200.0,64.0495029258728,63.86209308624267
964,200.0,64.03557857513428,63.86052726745606
965,200.0,63.99728765487671,63.86209308624267
966,200.0,64.16844938278199,64.02156476974487
967,200.0,64.2276622390747,64.0550714302063
968,200.0,64.26737045288085,64.05745124816895
969,200.0,64.25370325088501,64.0598310661316
970,200.0,64.27093076705933,64.1413150024414
971,200.0,64.36025190353394,64.16007877349854
972,200.0,64.35369947433472,64.1612663269043
973,200.0,64.39914142608643,64.16007877349854
974,200.0,64.49259967803955,64.31427230834962
975,200.0,64.52665447235107,64.34873962402344
976,198.0,63.8143127822876,63.71377792358398
977,200.0,64.54814582824707,64.34873962402344
978,200.0,64.54408466339112,64.45884880065918
979,200.0,64.6821095275879,64.4848747253418
980,200.0,64.59960220336914,64.4848747253418
981,200.0,64.69519645690917,64.48442516326904
982,200.0,64.7577442932129,64.66629467010497
983,200.0,64.88146957397461,64.70714569091797
984,200.0,64.91365329742432,64.70714569091797
985,200.0,64.85670513153076,64.70714569091797
986,200.0,64.87516754150391,64.76735019683838
987,200.0,64.94223403930664,64.78253940582276
988,200.0,64.91144920349122,64.78140254974365
989,188.0,61.04693054199219,60.897326431274415
990,200.0,65.04023742675781,64.92863903045654
991,200.0,65.0842463684082,64.97595096588135
992,200.0,65.07532711029053,64.97985195159912
993,200.0,65.09954273223877,64.97790145874023
994,200.0,65.11212608337402,64.96317565917968
995,200.0,65.03443195343017,64.95714569091797
996,181.0,58.93463150024414,58.78642993927002
997,200.0,65.0862441253662,64.95714569091797
998,200.0,65.30792209625244,65.10713768005371
999,200.0,65.36661418914795,65.1857481765747
1000,200.0,65.38708675384521,65.18440628051758